ts_utc,days,horizon,n_lags,train_step,n_estimators,fee_rate,threshold,coin_id,vs_currency,provider,initial_cash,final_value,roi_pct,trades_count,param_hash
2025-08-12T18:42:45.826999+00:00,60,27,24,1,128,0.001,0.002,bitcoin,usd,auto,10000.0,10233.1039,2.331,24,"[('coin_id', 'bitcoin'), ('days', 60), ('fee_rate', 0.001), ('horizon', 27), ('n_estimators', 128), ('n_lags', 24), ('provider', 'auto'), ('threshold', 0.002), ('train_step', 1), ('vs_currency', 'usd')]"
2025-08-12T19:01:23.824055+00:00,60,27,24,1,128,0.001,0.003,bitcoin,usd,auto,10000.0,10382.125,3.8212,21,"[('coin_id', 'bitcoin'), ('days', 60), ('fee_rate', 0.001), ('horizon', 27), ('n_estimators', 128), ('n_lags', 24), ('provider', 'auto'), ('threshold', 0.003), ('train_step', 1), ('vs_currency', 'usd')]"
2025-08-12T19:10:59.637659+00:00,60,27,24,2,128,0.001,0.001,bitcoin,usd,auto,10000.0,10096.1407,0.9614,30,"[('coin_id', 'bitcoin'), ('days', 60), ('fee_rate', 0.001), ('horizon', 27), ('n_estimators', 128), ('n_lags', 24), ('provider', 'auto'), ('threshold', 0.001), ('train_step', 2), ('vs_currency', 'usd')]"
2025-08-12T19:20:35.465297+00:00,60,27,24,2,128,0.001,0.0015,bitcoin,usd,auto,10000.0,10195.5714,1.9557,29,"[('coin_id', 'bitcoin'), ('days', 60), ('fee_rate', 0.001), ('horizon', 27), ('n_estimators', 128), ('n_lags', 24), ('provider', 'auto'), ('threshold', 0.0015), ('train_step', 2), ('vs_currency', 'usd')]"
2025-08-12T19:30:13.499775+00:00,60,27,24,2,128,0.001,0.002,bitcoin,usd,auto,10000.0,10284.2216,2.8422,23,"[('coin_id', 'bitcoin'), ('days', 60), ('fee_rate', 0.001), ('horizon', 27), ('n_estimators', 128), ('n_lags', 24), ('provider', 'auto'), ('threshold', 0.002), ('train_step', 2), ('vs_currency', 'usd')]"
2025-08-12T19:39:49.559553+00:00,60,27,24,2,128,0.001,0.003,bitcoin,usd,auto,10000.0,10192.0757,1.9208,20,"[('coin_id', 'bitcoin'), ('days', 60), ('fee_rate', 0.001), ('horizon', 27), ('n_estimators', 128), ('n_lags', 24), ('provider', 'auto'), ('threshold', 0.003), ('train_step', 2), ('vs_currency', 'usd')]"
2025-08-12T20:16:33.103066+00:00,60,27,24,1,256,0.001,0.001,bitcoin,usd,auto,10000.0,10151.4246,1.5142,30,"[('coin_id', 'bitcoin'), ('days', 60), ('fee_rate', 0.001), ('horizon', 27), ('n_estimators', 256), ('n_lags', 24), ('provider', 'auto'), ('threshold', 0.001), ('train_step', 1), ('vs_currency', 'usd')]"
2025-08-12T20:53:17.496579+00:00,60,27,24,1,256,0.001,0.0015,bitcoin,usd,auto,10000.0,10229.9166,2.2992,29,"[('coin_id', 'bitcoin'), ('days', 60), ('fee_rate', 0.001), ('horizon', 27), ('n_estimators', 256), ('n_lags', 24), ('provider', 'auto'), ('threshold', 0.0015), ('train_step', 1), ('vs_currency', 'usd')]"
2025-08-12T21:30:03.146210+00:00,60,27,24,1,256,0.001,0.002,bitcoin,usd,auto,10000.0,10190.5141,1.9051,24,"[('coin_id', 'bitcoin'), ('days', 60), ('fee_rate', 0.001), ('horizon', 27), ('n_estimators', 256), ('n_lags', 24), ('provider', 'auto'), ('threshold', 0.002), ('train_step', 1), ('vs_currency', 'usd')]"
2025-08-12T22:06:47.936176+00:00,60,27,24,1,256,0.001,0.003,bitcoin,usd,auto,10000.0,10438.7874,4.3879,21,"[('coin_id', 'bitcoin'), ('days', 60), ('fee_rate', 0.001), ('horizon', 27), ('n_estimators', 256), ('n_lags', 24), ('provider', 'auto'), ('threshold', 0.003), ('train_step', 1), ('vs_currency', 'usd')]"
2025-08-12T22:25:34.203657+00:00,60,27,24,2,256,0.001,0.001,bitcoin,usd,auto,10000.0,10107.2157,1.0722,29,"[('coin_id', 'bitcoin'), ('days', 60), ('fee_rate', 0.001), ('horizon', 27), ('n_estimators', 256), ('n_lags', 24), ('provider', 'auto'), ('threshold', 0.001), ('train_step', 2), ('vs_currency', 'usd')]"
2025-08-12T22:44:18.974279+00:00,60,27,24,2,256,0.001,0.0015,bitcoin,usd,auto,10000.0,10229.9166,2.2992,29,"[('coin_id', 'bitcoin'), ('days', 60), ('fee_rate', 0.001), ('horizon', 27), ('n_estimators', 256), ('n_lags', 24), ('provider', 'auto'), ('threshold', 0.0015), ('train_step', 2), ('vs_currency', 'usd')]"
2025-08-12T23:03:04.590355+00:00,60,27,24,2,256,0.001,0.002,bitcoin,usd,auto,10000.0,10214.8387,2.1484,24,"[('coin_id', 'bitcoin'), ('days', 60), ('fee_rate', 0.001), ('horizon', 27), ('n_estimators', 256), ('n_lags', 24), ('provider', 'auto'), ('threshold', 0.002), ('train_step', 2), ('vs_currency', 'usd')]"
2025-08-12T23:21:51.305294+00:00,60,27,24,2,256,0.001,0.003,bitcoin,usd,auto,10000.0,10459.0099,4.5901,21,"[('coin_id', 'bitcoin'), ('days', 60), ('fee_rate', 0.001), ('horizon', 27), ('n_estimators', 256), ('n_lags', 24), ('provider', 'auto'), ('threshold', 0.003), ('train_step', 2), ('vs_currency', 'usd')]"
2025-08-12T23:25:36.692166+00:00,60,27,24,12,256,0.001,0.001,bitcoin,usd,auto,10000.0,9942.1714,-0.5783,27,"[('coin_id', 'bitcoin'), ('days', 60), ('fee_rate', 0.001), ('horizon', 27), ('n_estimators', 256), ('n_lags', 24), ('provider', 'auto'), ('threshold', 0.001), ('train_step', 12), ('vs_currency', 'usd')]"
2025-08-12T23:29:22.179157+00:00,60,27,24,12,256,0.001,0.0015,bitcoin,usd,auto,10000.0,10040.0836,0.4008,25,"[('coin_id', 'bitcoin'), ('days', 60), ('fee_rate', 0.001), ('horizon', 27), ('n_estimators', 256), ('n_lags', 24), ('provider', 'auto'), ('threshold', 0.0015), ('train_step', 12), ('vs_currency', 'usd')]"
2025-08-12T23:33:07.428069+00:00,60,27,24,12,256,0.001,0.002,bitcoin,usd,auto,10000.0,9975.3576,-0.2464,22,"[('coin_id', 'bitcoin'), ('days', 60), ('fee_rate', 0.001), ('horizon', 27), ('n_estimators', 256), ('n_lags', 24), ('provider', 'auto'), ('threshold', 0.002), ('train_step', 12), ('vs_currency', 'usd')]"
2025-08-12T23:36:52.738875+00:00,60,27,24,12,256,0.001,0.003,bitcoin,usd,auto,10000.0,10091.1558,0.9116,19,"[('coin_id', 'bitcoin'), ('days', 60), ('fee_rate', 0.001), ('horizon', 27), ('n_estimators', 256), ('n_lags', 24), ('provider', 'auto'), ('threshold', 0.003), ('train_step', 12), ('vs_currency', 'usd')]"
2025-08-12T23:39:08.038309+00:00,60,27,24,24,256,0.001,0.001,bitcoin,usd,auto,10000.0,9898.9172,-1.0108,26,"[('coin_id', 'bitcoin'), ('days', 60), ('fee_rate', 0.001), ('horizon', 27), ('n_estimators', 256), ('n_lags', 24), ('provider', 'auto'), ('threshold', 0.001), ('train_step', 24), ('vs_currency', 'usd')]"
2025-08-12T23:41:23.180180+00:00,60,27,24,24,256,0.001,0.0015,bitcoin,usd,auto,10000.0,10014.1399,0.1414,22,"[('coin_id', 'bitcoin'), ('days', 60), ('fee_rate', 0.001), ('horizon', 27), ('n_estimators', 256), ('n_lags', 24), ('provider', 'auto'), ('threshold', 0.0015), ('train_step', 24), ('vs_currency', 'usd')]"
2025-08-12T23:43:38.603425+00:00,60,27,24,24,256,0.001,0.002,bitcoin,usd,auto,10000.0,10149.6467,1.4965,21,"[('coin_id', 'bitcoin'), ('days', 60), ('fee_rate', 0.001), ('horizon', 27), ('n_estimators', 256), ('n_lags', 24), ('provider', 'auto'), ('threshold', 0.002), ('train_step', 24), ('vs_currency', 'usd')]"
2025-08-12T23:45:53.975377+00:00,60,27,24,24,256,0.001,0.003,bitcoin,usd,auto,10000.0,10261.0429,2.6104,18,"[('coin_id', 'bitcoin'), ('days', 60), ('fee_rate', 0.001), ('horizon', 27), ('n_estimators', 256), ('n_lags', 24), ('provider', 'auto'), ('threshold', 0.003), ('train_step', 24), ('vs_currency', 'usd')]"
2025-08-12T23:55:14.415647+00:00,60,30,24,1,64,0.001,0.001,bitcoin,usd,auto,10000.0,10333.9551,3.3396,39,"[('coin_id', 'bitcoin'), ('days', 60), ('fee_rate', 0.001), ('horizon', 30), ('n_estimators', 64), ('n_lags', 24), ('provider', 'auto'), ('threshold', 0.001), ('train_step', 1), ('vs_currency', 'usd')]"
2025-08-13T00:04:34.549949+00:00,60,30,24,1,64,0.001,0.0015,bitcoin,usd,auto,10000.0,10680.78,6.8078,32,"[('coin_id', 'bitcoin'), ('days', 60), ('fee_rate', 0.001), ('horizon', 30), ('n_estimators', 64), ('n_lags', 24), ('provider', 'auto'), ('threshold', 0.0015), ('train_step', 1), ('vs_currency', 'usd')]"
2025-08-13T02:52:57.188918+00:00,60,30,24,1,64,0.001,0.002,bitcoin,usd,auto,10000.0,10463.6687,4.6367,26,"[('coin_id', 'bitcoin'), ('days', 60), ('fee_rate', 0.001), ('horizon', 30), ('n_estimators', 64), ('n_lags', 24), ('provider', 'auto'), ('threshold', 0.002), ('train_step', 1), ('vs_currency', 'usd')]"
2025-08-13T03:02:23.020532+00:00,60,30,24,1,64,0.001,0.003,bitcoin,usd,auto,10000.0,10776.9018,7.769,22,"[('coin_id', 'bitcoin'), ('days', 60), ('fee_rate', 0.001), ('horizon', 30), ('n_estimators', 64), ('n_lags', 24), ('provider', 'auto'), ('threshold', 0.003), ('train_step', 1), ('vs_currency', 'usd')]"
2025-08-13T03:07:14.593416+00:00,60,30,24,2,64,0.001,0.001,bitcoin,usd,auto,10000.0,10358.3028,3.583,38,"[('coin_id', 'bitcoin'), ('days', 60), ('fee_rate', 0.001), ('horizon', 30), ('n_estimators', 64), ('n_lags', 24), ('provider', 'auto'), ('threshold', 0.001), ('train_step', 2), ('vs_currency', 'usd')]"
2025-08-13T03:12:06.627550+00:00,60,30,24,2,64,0.001,0.0015,bitcoin,usd,auto,10000.0,10372.327,3.7233,31,"[('coin_id', 'bitcoin'), ('days', 60), ('fee_rate', 0.001), ('horizon', 30), ('n_estimators', 64), ('n_lags', 24), ('provider', 'auto'), ('threshold', 0.0015), ('train_step', 2), ('vs_currency', 'usd')]"
2025-08-13T03:16:58.735018+00:00,60,30,24,2,64,0.001,0.002,bitcoin,usd,auto,10000.0,10338.5077,3.3851,25,"[('coin_id', 'bitcoin'), ('days', 60), ('fee_rate', 0.001), ('horizon', 30), ('n_estimators', 64), ('n_lags', 24), ('provider', 'auto'), ('threshold', 0.002), ('train_step', 2), ('vs_currency', 'usd')]"
2025-08-13T03:21:50.388237+00:00,60,30,24,2,64,0.001,0.003,bitcoin,usd,auto,10000.0,10515.758,5.1576,21,"[('coin_id', 'bitcoin'), ('days', 60), ('fee_rate', 0.001), ('horizon', 30), ('n_estimators', 64), ('n_lags', 24), ('provider', 'auto'), ('threshold', 0.003), ('train_step', 2), ('vs_currency', 'usd')]"
2025-08-13T03:22:53.335687+00:00,60,30,24,12,64,0.001,0.001,bitcoin,usd,auto,10000.0,10373.7825,3.7378,32,"[('coin_id', 'bitcoin'), ('days', 60), ('fee_rate', 0.001), ('horizon', 30), ('n_estimators', 64), ('n_lags', 24), ('provider', 'auto'), ('threshold', 0.001), ('train_step', 12), ('vs_currency', 'usd')]"
2025-08-13T03:23:56.055000+00:00,60,30,24,12,64,0.001,0.0015,bitcoin,usd,auto,10000.0,10421.4671,4.2147,26,"[('coin_id', 'bitcoin'), ('days', 60), ('fee_rate', 0.001), ('horizon', 30), ('n_estimators', 64), ('n_lags', 24), ('provider', 'auto'), ('threshold', 0.0015), ('train_step', 12), ('vs_currency', 'usd')]"
2025-08-13T03:24:58.863766+00:00,60,30,24,12,64,0.001,0.002,bitcoin,usd,auto,10000.0,10494.5862,4.9459,22,"[('coin_id', 'bitcoin'), ('days', 60), ('fee_rate', 0.001), ('horizon', 30), ('n_estimators', 64), ('n_lags', 24), ('provider', 'auto'), ('threshold', 0.002), ('train_step', 12), ('vs_currency', 'usd')]"
2025-08-13T03:26:01.631123+00:00,60,30,24,12,64,0.001,0.003,bitcoin,usd,auto,10000.0,10629.8177,6.2982,21,"[('coin_id', 'bitcoin'), ('days', 60), ('fee_rate', 0.001), ('horizon', 30), ('n_estimators', 64), ('n_lags', 24), ('provider', 'auto'), ('threshold', 0.003), ('train_step', 12), ('vs_currency', 'usd')]"
2025-08-13T03:26:41.570227+00:00,60,30,24,24,64,0.001,0.001,bitcoin,usd,auto,10000.0,10078.5752,0.7858,29,"[('coin_id', 'bitcoin'), ('days', 60), ('fee_rate', 0.001), ('horizon', 30), ('n_estimators', 64), ('n_lags', 24), ('provider', 'auto'), ('threshold', 0.001), ('train_step', 24), ('vs_currency', 'usd')]"
2025-08-13T03:27:21.432130+00:00,60,30,24,24,64,0.001,0.0015,bitcoin,usd,auto,10000.0,10173.0025,1.73,27,"[('coin_id', 'bitcoin'), ('days', 60), ('fee_rate', 0.001), ('horizon', 30), ('n_estimators', 64), ('n_lags', 24), ('provider', 'auto'), ('threshold', 0.0015), ('train_step', 24), ('vs_currency', 'usd')]"
2025-08-13T03:28:01.455217+00:00,60,30,24,24,64,0.001,0.002,bitcoin,usd,auto,10000.0,10270.7483,2.7075,19,"[('coin_id', 'bitcoin'), ('days', 60), ('fee_rate', 0.001), ('horizon', 30), ('n_estimators', 64), ('n_lags', 24), ('provider', 'auto'), ('threshold', 0.002), ('train_step', 24), ('vs_currency', 'usd')]"
2025-08-13T03:28:41.532918+00:00,60,30,24,24,64,0.001,0.003,bitcoin,usd,auto,10000.0,10348.5697,3.4857,19,"[('coin_id', 'bitcoin'), ('days', 60), ('fee_rate', 0.001), ('horizon', 30), ('n_estimators', 64), ('n_lags', 24), ('provider', 'auto'), ('threshold', 0.003), ('train_step', 24), ('vs_currency', 'usd')]"
2025-08-13T03:47:12.169752+00:00,60,30,24,1,128,0.001,0.001,bitcoin,usd,auto,10000.0,10311.7463,3.1175,37,"[('coin_id', 'bitcoin'), ('days', 60), ('fee_rate', 0.001), ('horizon', 30), ('n_estimators', 128), ('n_lags', 24), ('provider', 'auto'), ('threshold', 0.001), ('train_step', 1), ('vs_currency', 'usd')]"
2025-08-13T04:05:42.628429+00:00,60,30,24,1,128,0.001,0.0015,bitcoin,usd,auto,10000.0,10357.3773,3.5738,29,"[('coin_id', 'bitcoin'), ('days', 60), ('fee_rate', 0.001), ('horizon', 30), ('n_estimators', 128), ('n_lags', 24), ('provider', 'auto'), ('threshold', 0.0015), ('train_step', 1), ('vs_currency', 'usd')]"
2025-08-13T04:24:13.678341+00:00,60,30,24,1,128,0.001,0.002,bitcoin,usd,auto,10000.0,10610.8117,6.1081,26,"[('coin_id', 'bitcoin'), ('days', 60), ('fee_rate', 0.001), ('horizon', 30), ('n_estimators', 128), ('n_lags', 24), ('provider', 'auto'), ('threshold', 0.002), ('train_step', 1), ('vs_currency', 'usd')]"
2025-08-13T04:42:46.876094+00:00,60,30,24,1,128,0.001,0.003,bitcoin,usd,auto,10000.0,10636.7221,6.3672,21,"[('coin_id', 'bitcoin'), ('days', 60), ('fee_rate', 0.001), ('horizon', 30), ('n_estimators', 128), ('n_lags', 24), ('provider', 'auto'), ('threshold', 0.003), ('train_step', 1), ('vs_currency', 'usd')]"
2025-08-13T04:52:19.515074+00:00,60,30,24,2,128,0.001,0.001,bitcoin,usd,auto,10000.0,10355.5166,3.5552,35,"[('coin_id', 'bitcoin'), ('days', 60), ('fee_rate', 0.001), ('horizon', 30), ('n_estimators', 128), ('n_lags', 24), ('provider', 'auto'), ('threshold', 0.001), ('train_step', 2), ('vs_currency', 'usd')]"
2025-08-13T05:01:52.379168+00:00,60,30,24,2,128,0.001,0.0015,bitcoin,usd,auto,10000.0,10426.2599,4.2626,30,"[('coin_id', 'bitcoin'), ('days', 60), ('fee_rate', 0.001), ('horizon', 30), ('n_estimators', 128), ('n_lags', 24), ('provider', 'auto'), ('threshold', 0.0015), ('train_step', 2), ('vs_currency', 'usd')]"
2025-08-13T05:11:24.915134+00:00,60,30,24,2,128,0.001,0.002,bitcoin,usd,auto,10000.0,10577.1637,5.7716,26,"[('coin_id', 'bitcoin'), ('days', 60), ('fee_rate', 0.001), ('horizon', 30), ('n_estimators', 128), ('n_lags', 24), ('provider', 'auto'), ('threshold', 0.002), ('train_step', 2), ('vs_currency', 'usd')]"
2025-08-13T05:20:57.073689+00:00,60,30,24,2,128,0.001,0.003,bitcoin,usd,auto,10000.0,10636.7221,6.3672,21,"[('coin_id', 'bitcoin'), ('days', 60), ('fee_rate', 0.001), ('horizon', 30), ('n_estimators', 128), ('n_lags', 24), ('provider', 'auto'), ('threshold', 0.003), ('train_step', 2), ('vs_currency', 'usd')]"
2025-08-13T05:22:58.583922+00:00,60,30,24,12,128,0.001,0.001,bitcoin,usd,auto,10000.0,10349.587,3.4959,31,"[('coin_id', 'bitcoin'), ('days', 60), ('fee_rate', 0.001), ('horizon', 30), ('n_estimators', 128), ('n_lags', 24), ('provider', 'auto'), ('threshold', 0.001), ('train_step', 12), ('vs_currency', 'usd')]"
2025-08-13T05:25:00.095753+00:00,60,30,24,12,128,0.001,0.0015,bitcoin,usd,auto,10000.0,10380.6379,3.8064,26,"[('coin_id', 'bitcoin'), ('days', 60), ('fee_rate', 0.001), ('horizon', 30), ('n_estimators', 128), ('n_lags', 24), ('provider', 'auto'), ('threshold', 0.0015), ('train_step', 12), ('vs_currency', 'usd')]"
2025-08-13T05:27:01.574125+00:00,60,30,24,12,128,0.001,0.002,bitcoin,usd,auto,10000.0,10492.413,4.9241,23,"[('coin_id', 'bitcoin'), ('days', 60), ('fee_rate', 0.001), ('horizon', 30), ('n_estimators', 128), ('n_lags', 24), ('provider', 'auto'), ('threshold', 0.002), ('train_step', 12), ('vs_currency', 'usd')]"
2025-08-13T05:29:03.063386+00:00,60,30,24,12,128,0.001,0.003,bitcoin,usd,auto,10000.0,10606.4058,6.0641,21,"[('coin_id', 'bitcoin'), ('days', 60), ('fee_rate', 0.001), ('horizon', 30), ('n_estimators', 128), ('n_lags', 24), ('provider', 'auto'), ('threshold', 0.003), ('train_step', 12), ('vs_currency', 'usd')]"
2025-08-13T05:30:19.479833+00:00,60,30,24,24,128,0.001,0.001,bitcoin,usd,auto,10000.0,10031.0721,0.3107,30,"[('coin_id', 'bitcoin'), ('days', 60), ('fee_rate', 0.001), ('horizon', 30), ('n_estimators', 128), ('n_lags', 24), ('provider', 'auto'), ('threshold', 0.001), ('train_step', 24), ('vs_currency', 'usd')]"
2025-08-13T05:31:35.889174+00:00,60,30,24,24,128,0.001,0.0015,bitcoin,usd,auto,10000.0,10077.7626,0.7776,25,"[('coin_id', 'bitcoin'), ('days', 60), ('fee_rate', 0.001), ('horizon', 30), ('n_estimators', 128), ('n_lags', 24), ('provider', 'auto'), ('threshold', 0.0015), ('train_step', 24), ('vs_currency', 'usd')]"
2025-08-13T05:32:52.354305+00:00,60,30,24,24,128,0.001,0.002,bitcoin,usd,auto,10000.0,10235.6203,2.3562,21,"[('coin_id', 'bitcoin'), ('days', 60), ('fee_rate', 0.001), ('horizon', 30), ('n_estimators', 128), ('n_lags', 24), ('provider', 'auto'), ('threshold', 0.002), ('train_step', 24), ('vs_currency', 'usd')]"
2025-08-13T05:34:08.748928+00:00,60,30,24,24,128,0.001,0.003,bitcoin,usd,auto,10000.0,10388.7563,3.8876,19,"[('coin_id', 'bitcoin'), ('days', 60), ('fee_rate', 0.001), ('horizon', 30), ('n_estimators', 128), ('n_lags', 24), ('provider', 'auto'), ('threshold', 0.003), ('train_step', 24), ('vs_currency', 'usd')]"
2025-08-13T06:10:40.197745+00:00,60,30,24,1,256,0.001,0.001,bitcoin,usd,auto,10000.0,10475.7477,4.7575,39,"[('coin_id', 'bitcoin'), ('days', 60), ('fee_rate', 0.001), ('horizon', 30), ('n_estimators', 256), ('n_lags', 24), ('provider', 'auto'), ('threshold', 0.001), ('train_step', 1), ('vs_currency', 'usd')]"
2025-08-13T06:47:10.977566+00:00,60,30,24,1,256,0.001,0.0015,bitcoin,usd,auto,10000.0,10689.3008,6.893,31,"[('coin_id', 'bitcoin'), ('days', 60), ('fee_rate', 0.001), ('horizon', 30), ('n_estimators', 256), ('n_lags', 24), ('provider', 'auto'), ('threshold', 0.0015), ('train_step', 1), ('vs_currency', 'usd')]"
2025-08-13T07:23:41.151607+00:00,60,30,24,1,256,0.001,0.002,bitcoin,usd,auto,10000.0,10716.4199,7.1642,26,"[('coin_id', 'bitcoin'), ('days', 60), ('fee_rate', 0.001), ('horizon', 30), ('n_estimators', 256), ('n_lags', 24), ('provider', 'auto'), ('threshold', 0.002), ('train_step', 1), ('vs_currency', 'usd')]"
2025-08-13T08:00:10.840679+00:00,60,30,24,1,256,0.001,0.003,bitcoin,usd,auto,10000.0,10643.9155,6.4392,21,"[('coin_id', 'bitcoin'), ('days', 60), ('fee_rate', 0.001), ('horizon', 30), ('n_estimators', 256), ('n_lags', 24), ('provider', 'auto'), ('threshold', 0.003), ('train_step', 1), ('vs_currency', 'usd')]"
2025-08-13T08:18:49.494316+00:00,60,30,24,2,256,0.001,0.001,bitcoin,usd,auto,10000.0,10464.8997,4.649,37,"[('coin_id', 'bitcoin'), ('days', 60), ('fee_rate', 0.001), ('horizon', 30), ('n_estimators', 256), ('n_lags', 24), ('provider', 'auto'), ('threshold', 0.001), ('train_step', 2), ('vs_currency', 'usd')]"
2025-08-13T08:37:28.514138+00:00,60,30,24,2,256,0.001,0.0015,bitcoin,usd,auto,10000.0,10669.8843,6.6988,31,"[('coin_id', 'bitcoin'), ('days', 60), ('fee_rate', 0.001), ('horizon', 30), ('n_estimators', 256), ('n_lags', 24), ('provider', 'auto'), ('threshold', 0.0015), ('train_step', 2), ('vs_currency', 'usd')]"
2025-08-14T02:28:33.048436+00:00,60,30,24,2,256,0.001,0.002,bitcoin,usd,auto,10000.0,10854.7134,8.5471,29,"[('coin_id', 'bitcoin'), ('days', 60), ('fee_rate', 0.001), ('horizon', 30), ('n_estimators', 256), ('n_lags', 24), ('provider', 'auto'), ('threshold', 0.002), ('train_step', 2), ('vs_currency', 'usd')]"
2025-08-14T03:13:24.906176+00:00,60,30,24,2,256,0.001,0.003,bitcoin,usd,auto,10000.0,10840.444,8.4044,22,"[('coin_id', 'bitcoin'), ('days', 60), ('fee_rate', 0.001), ('horizon', 30), ('n_estimators', 256), ('n_lags', 24), ('provider', 'auto'), ('threshold', 0.003), ('train_step', 2), ('vs_currency', 'usd')]"
2025-08-14T03:17:07.437445+00:00,60,30,24,12,256,0.001,0.001,bitcoin,usd,auto,10000.0,10535.3416,5.3534,35,"[('coin_id', 'bitcoin'), ('days', 60), ('fee_rate', 0.001), ('horizon', 30), ('n_estimators', 256), ('n_lags', 24), ('provider', 'auto'), ('threshold', 0.001), ('train_step', 12), ('vs_currency', 'usd')]"
2025-08-14T03:20:49.912292+00:00,60,30,24,12,256,0.001,0.0015,bitcoin,usd,auto,10000.0,10684.5424,6.8454,32,"[('coin_id', 'bitcoin'), ('days', 60), ('fee_rate', 0.001), ('horizon', 30), ('n_estimators', 256), ('n_lags', 24), ('provider', 'auto'), ('threshold', 0.0015), ('train_step', 12), ('vs_currency', 'usd')]"
2025-08-14T03:24:32.722580+00:00,60,30,24,12,256,0.001,0.002,bitcoin,usd,auto,10000.0,10596.2931,5.9629,25,"[('coin_id', 'bitcoin'), ('days', 60), ('fee_rate', 0.001), ('horizon', 30), ('n_estimators', 256), ('n_lags', 24), ('provider', 'auto'), ('threshold', 0.002), ('train_step', 12), ('vs_currency', 'usd')]"
2025-08-14T03:28:15.437100+00:00,60,30,24,12,256,0.001,0.003,bitcoin,usd,auto,10000.0,10704.109,7.0411,21,"[('coin_id', 'bitcoin'), ('days', 60), ('fee_rate', 0.001), ('horizon', 30), ('n_estimators', 256), ('n_lags', 24), ('provider', 'auto'), ('threshold', 0.003), ('train_step', 12), ('vs_currency', 'usd')]"
2025-08-14T03:30:29.560233+00:00,60,30,24,24,256,0.001,0.001,bitcoin,usd,auto,10000.0,10266.5558,2.6656,32,"[('coin_id', 'bitcoin'), ('days', 60), ('fee_rate', 0.001), ('horizon', 30), ('n_estimators', 256), ('n_lags', 24), ('provider', 'auto'), ('threshold', 0.001), ('train_step', 24), ('vs_currency', 'usd')]"
2025-08-14T03:32:43.693242+00:00,60,30,24,24,256,0.001,0.0015,bitcoin,usd,auto,10000.0,10339.2871,3.3929,27,"[('coin_id', 'bitcoin'), ('days', 60), ('fee_rate', 0.001), ('horizon', 30), ('n_estimators', 256), ('n_lags', 24), ('provider', 'auto'), ('threshold', 0.0015), ('train_step', 24), ('vs_currency', 'usd')]"
2025-08-14T03:34:58.084170+00:00,60,30,24,24,256,0.001,0.002,bitcoin,usd,auto,10000.0,10329.7704,3.2977,23,"[('coin_id', 'bitcoin'), ('days', 60), ('fee_rate', 0.001), ('horizon', 30), ('n_estimators', 256), ('n_lags', 24), ('provider', 'auto'), ('threshold', 0.002), ('train_step', 24), ('vs_currency', 'usd')]"
2025-08-14T03:37:12.118312+00:00,60,30,24,24,256,0.001,0.003,bitcoin,usd,auto,10000.0,10442.3198,4.4232,19,"[('coin_id', 'bitcoin'), ('days', 60), ('fee_rate', 0.001), ('horizon', 30), ('n_estimators', 256), ('n_lags', 24), ('provider', 'auto'), ('threshold', 0.003), ('train_step', 24), ('vs_currency', 'usd')]"
2025-08-14T03:47:49.538828+00:00,60,18,27,1,64,0.001,0.001,bitcoin,usd,auto,10000.0,10610.7402,6.1074,49,"[('coin_id', 'bitcoin'), ('days', 60), ('fee_rate', 0.001), ('horizon', 18), ('n_estimators', 64), ('n_lags', 27), ('provider', 'auto'), ('threshold', 0.001), ('train_step', 1), ('vs_currency', 'usd')]"
2025-08-14T03:58:27.279997+00:00,60,18,27,1,64,0.001,0.0015,bitcoin,usd,auto,10000.0,10686.7221,6.8672,44,"[('coin_id', 'bitcoin'), ('days', 60), ('fee_rate', 0.001), ('horizon', 18), ('n_estimators', 64), ('n_lags', 27), ('provider', 'auto'), ('threshold', 0.0015), ('train_step', 1), ('vs_currency', 'usd')]"
2025-08-14T04:09:06.008445+00:00,60,18,27,1,64,0.001,0.002,bitcoin,usd,auto,10000.0,10696.2555,6.9626,40,"[('coin_id', 'bitcoin'), ('days', 60), ('fee_rate', 0.001), ('horizon', 18), ('n_estimators', 64), ('n_lags', 27), ('provider', 'auto'), ('threshold', 0.002), ('train_step', 1), ('vs_currency', 'usd')]"
2025-08-14T04:19:43.007963+00:00,60,18,27,1,64,0.001,0.003,bitcoin,usd,auto,10000.0,10752.8654,7.5287,32,"[('coin_id', 'bitcoin'), ('days', 60), ('fee_rate', 0.001), ('horizon', 18), ('n_estimators', 64), ('n_lags', 27), ('provider', 'auto'), ('threshold', 0.003), ('train_step', 1), ('vs_currency', 'usd')]"
2025-08-14T04:25:09.693654+00:00,60,18,27,2,64,0.001,0.001,bitcoin,usd,auto,10000.0,10648.3609,6.4836,49,"[('coin_id', 'bitcoin'), ('days', 60), ('fee_rate', 0.001), ('horizon', 18), ('n_estimators', 64), ('n_lags', 27), ('provider', 'auto'), ('threshold', 0.001), ('train_step', 2), ('vs_currency', 'usd')]"
2025-08-14T04:30:35.905135+00:00,60,18,27,2,64,0.001,0.0015,bitcoin,usd,auto,10000.0,10776.6667,7.7667,44,"[('coin_id', 'bitcoin'), ('days', 60), ('fee_rate', 0.001), ('horizon', 18), ('n_estimators', 64), ('n_lags', 27), ('provider', 'auto'), ('threshold', 0.0015), ('train_step', 2), ('vs_currency', 'usd')]"
2025-08-14T04:36:02.439953+00:00,60,18,27,2,64,0.001,0.002,bitcoin,usd,auto,10000.0,10714.0808,7.1408,41,"[('coin_id', 'bitcoin'), ('days', 60), ('fee_rate', 0.001), ('horizon', 18), ('n_estimators', 64), ('n_lags', 27), ('provider', 'auto'), ('threshold', 0.002), ('train_step', 2), ('vs_currency', 'usd')]"
2025-08-14T04:41:28.697448+00:00,60,18,27,2,64,0.001,0.003,bitcoin,usd,auto,10000.0,10694.6464,6.9465,31,"[('coin_id', 'bitcoin'), ('days', 60), ('fee_rate', 0.001), ('horizon', 18), ('n_estimators', 64), ('n_lags', 27), ('provider', 'auto'), ('threshold', 0.003), ('train_step', 2), ('vs_currency', 'usd')]"
2025-08-14T04:42:37.767629+00:00,60,18,27,12,64,0.001,0.001,bitcoin,usd,auto,10000.0,10602.1452,6.0215,48,"[('coin_id', 'bitcoin'), ('days', 60), ('fee_rate', 0.001), ('horizon', 18), ('n_estimators', 64), ('n_lags', 27), ('provider', 'auto'), ('threshold', 0.001), ('train_step', 12), ('vs_currency', 'usd')]"
2025-08-14T04:43:46.570636+00:00,60,18,27,12,64,0.001,0.0015,bitcoin,usd,auto,10000.0,10467.3194,4.6732,41,"[('coin_id', 'bitcoin'), ('days', 60), ('fee_rate', 0.001), ('horizon', 18), ('n_estimators', 64), ('n_lags', 27), ('provider', 'auto'), ('threshold', 0.0015), ('train_step', 12), ('vs_currency', 'usd')]"
2025-08-14T04:44:55.256310+00:00,60,18,27,12,64,0.001,0.002,bitcoin,usd,auto,10000.0,10380.1279,3.8013,31,"[('coin_id', 'bitcoin'), ('days', 60), ('fee_rate', 0.001), ('horizon', 18), ('n_estimators', 64), ('n_lags', 27), ('provider', 'auto'), ('threshold', 0.002), ('train_step', 12), ('vs_currency', 'usd')]"
2025-08-14T04:46:04.055133+00:00,60,18,27,12,64,0.001,0.003,bitcoin,usd,auto,10000.0,10318.6366,3.1864,23,"[('coin_id', 'bitcoin'), ('days', 60), ('fee_rate', 0.001), ('horizon', 18), ('n_estimators', 64), ('n_lags', 27), ('provider', 'auto'), ('threshold', 0.003), ('train_step', 12), ('vs_currency', 'usd')]"
2025-08-14T04:46:46.841907+00:00,60,18,27,24,64,0.001,0.001,bitcoin,usd,auto,10000.0,10625.0328,6.2503,44,"[('coin_id', 'bitcoin'), ('days', 60), ('fee_rate', 0.001), ('horizon', 18), ('n_estimators', 64), ('n_lags', 27), ('provider', 'auto'), ('threshold', 0.001), ('train_step', 24), ('vs_currency', 'usd')]"
2025-08-14T04:47:29.657479+00:00,60,18,27,24,64,0.001,0.0015,bitcoin,usd,auto,10000.0,10469.7118,4.6971,38,"[('coin_id', 'bitcoin'), ('days', 60), ('fee_rate', 0.001), ('horizon', 18), ('n_estimators', 64), ('n_lags', 27), ('provider', 'auto'), ('threshold', 0.0015), ('train_step', 24), ('vs_currency', 'usd')]"
2025-08-14T04:48:12.463607+00:00,60,18,27,24,64,0.001,0.002,bitcoin,usd,auto,10000.0,10555.1393,5.5514,31,"[('coin_id', 'bitcoin'), ('days', 60), ('fee_rate', 0.001), ('horizon', 18), ('n_estimators', 64), ('n_lags', 27), ('provider', 'auto'), ('threshold', 0.002), ('train_step', 24), ('vs_currency', 'usd')]"
2025-08-14T04:48:55.289056+00:00,60,18,27,24,64,0.001,0.003,bitcoin,usd,auto,10000.0,10562.2893,5.6229,24,"[('coin_id', 'bitcoin'), ('days', 60), ('fee_rate', 0.001), ('horizon', 18), ('n_estimators', 64), ('n_lags', 27), ('provider', 'auto'), ('threshold', 0.003), ('train_step', 24), ('vs_currency', 'usd')]"
2025-08-14T05:09:47.070402+00:00,60,18,27,1,128,0.001,0.001,bitcoin,usd,auto,10000.0,10726.9856,7.2699,48,"[('coin_id', 'bitcoin'), ('days', 60), ('fee_rate', 0.001), ('horizon', 18), ('n_estimators', 128), ('n_lags', 27), ('provider', 'auto'), ('threshold', 0.001), ('train_step', 1), ('vs_currency', 'usd')]"
2025-08-14T05:30:39.611501+00:00,60,18,27,1,128,0.001,0.0015,bitcoin,usd,auto,10000.0,10731.5899,7.3159,43,"[('coin_id', 'bitcoin'), ('days', 60), ('fee_rate', 0.001), ('horizon', 18), ('n_estimators', 128), ('n_lags', 27), ('provider', 'auto'), ('threshold', 0.0015), ('train_step', 1), ('vs_currency', 'usd')]"
2025-08-14T05:51:34.068235+00:00,60,18,27,1,128,0.001,0.002,bitcoin,usd,auto,10000.0,10766.6969,7.667,38,"[('coin_id', 'bitcoin'), ('days', 60), ('fee_rate', 0.001), ('horizon', 18), ('n_estimators', 128), ('n_lags', 27), ('provider', 'auto'), ('threshold', 0.002), ('train_step', 1), ('vs_currency', 'usd')]"
2025-08-14T06:12:27.713782+00:00,60,18,27,1,128,0.001,0.003,bitcoin,usd,auto,10000.0,10920.5626,9.2056,32,"[('coin_id', 'bitcoin'), ('days', 60), ('fee_rate', 0.001), ('horizon', 18), ('n_estimators', 128), ('n_lags', 27), ('provider', 'auto'), ('threshold', 0.003), ('train_step', 1), ('vs_currency', 'usd')]"
2025-08-14T06:23:09.862054+00:00,60,18,27,2,128,0.001,0.001,bitcoin,usd,auto,10000.0,10724.5297,7.2453,48,"[('coin_id', 'bitcoin'), ('days', 60), ('fee_rate', 0.001), ('horizon', 18), ('n_estimators', 128), ('n_lags', 27), ('provider', 'auto'), ('threshold', 0.001), ('train_step', 2), ('vs_currency', 'usd')]"
2025-08-14T06:33:52.297312+00:00,60,18,27,2,128,0.001,0.0015,bitcoin,usd,auto,10000.0,10831.198,8.312,43,"[('coin_id', 'bitcoin'), ('days', 60), ('fee_rate', 0.001), ('horizon', 18), ('n_estimators', 128), ('n_lags', 27), ('provider', 'auto'), ('threshold', 0.0015), ('train_step', 2), ('vs_currency', 'usd')]"
2025-08-14T06:44:33.537980+00:00,60,18,27,2,128,0.001,0.002,bitcoin,usd,auto,10000.0,10670.479,6.7048,37,"[('coin_id', 'bitcoin'), ('days', 60), ('fee_rate', 0.001), ('horizon', 18), ('n_estimators', 128), ('n_lags', 27), ('provider', 'auto'), ('threshold', 0.002), ('train_step', 2), ('vs_currency', 'usd')]"
2025-08-14T06:55:15.516501+00:00,60,18,27,2,128,0.001,0.003,bitcoin,usd,auto,10000.0,10887.4926,8.8749,31,"[('coin_id', 'bitcoin'), ('days', 60), ('fee_rate', 0.001), ('horizon', 18), ('n_estimators', 128), ('n_lags', 27), ('provider', 'auto'), ('threshold', 0.003), ('train_step', 2), ('vs_currency', 'usd')]"
2025-08-14T06:57:29.040821+00:00,60,18,27,12,128,0.001,0.001,bitcoin,usd,auto,10000.0,10519.625,5.1963,45,"[('coin_id', 'bitcoin'), ('days', 60), ('fee_rate', 0.001), ('horizon', 18), ('n_estimators', 128), ('n_lags', 27), ('provider', 'auto'), ('threshold', 0.001), ('train_step', 12), ('vs_currency', 'usd')]"
2025-08-14T06:59:42.503758+00:00,60,18,27,12,128,0.001,0.0015,bitcoin,usd,auto,10000.0,10707.092,7.0709,38,"[('coin_id', 'bitcoin'), ('days', 60), ('fee_rate', 0.001), ('horizon', 18), ('n_estimators', 128), ('n_lags', 27), ('provider', 'auto'), ('threshold', 0.0015), ('train_step', 12), ('vs_currency', 'usd')]"
2025-08-14T07:01:56.054196+00:00,60,18,27,12,128,0.001,0.002,bitcoin,usd,auto,10000.0,10522.1619,5.2216,32,"[('coin_id', 'bitcoin'), ('days', 60), ('fee_rate', 0.001), ('horizon', 18), ('n_estimators', 128), ('n_lags', 27), ('provider', 'auto'), ('threshold', 0.002), ('train_step', 12), ('vs_currency', 'usd')]"
2025-08-14T07:04:09.532511+00:00,60,18,27,12,128,0.001,0.003,bitcoin,usd,auto,10000.0,10386.5528,3.8655,22,"[('coin_id', 'bitcoin'), ('days', 60), ('fee_rate', 0.001), ('horizon', 18), ('n_estimators', 128), ('n_lags', 27), ('provider', 'auto'), ('threshold', 0.003), ('train_step', 12), ('vs_currency', 'usd')]"
2025-08-14T07:05:31.942835+00:00,60,18,27,24,128,0.001,0.001,bitcoin,usd,auto,10000.0,10541.1152,5.4112,40,"[('coin_id', 'bitcoin'), ('days', 60), ('fee_rate', 0.001), ('horizon', 18), ('n_estimators', 128), ('n_lags', 27), ('provider', 'auto'), ('threshold', 0.001), ('train_step', 24), ('vs_currency', 'usd')]"
2025-08-14T07:06:54.325714+00:00,60,18,27,24,128,0.001,0.0015,bitcoin,usd,auto,10000.0,10794.8724,7.9487,37,"[('coin_id', 'bitcoin'), ('days', 60), ('fee_rate', 0.001), ('horizon', 18), ('n_estimators', 128), ('n_lags', 27), ('provider', 'auto'), ('threshold', 0.0015), ('train_step', 24), ('vs_currency', 'usd')]"
2025-08-14T07:08:16.808710+00:00,60,18,27,24,128,0.001,0.002,bitcoin,usd,auto,10000.0,10656.5136,6.5651,32,"[('coin_id', 'bitcoin'), ('days', 60), ('fee_rate', 0.001), ('horizon', 18), ('n_estimators', 128), ('n_lags', 27), ('provider', 'auto'), ('threshold', 0.002), ('train_step', 24), ('vs_currency', 'usd')]"
2025-08-14T07:09:39.343646+00:00,60,18,27,24,128,0.001,0.003,bitcoin,usd,auto,10000.0,10570.9998,5.71,23,"[('coin_id', 'bitcoin'), ('days', 60), ('fee_rate', 0.001), ('horizon', 18), ('n_estimators', 128), ('n_lags', 27), ('provider', 'auto'), ('threshold', 0.003), ('train_step', 24), ('vs_currency', 'usd')]"
2025-08-14T07:50:50.003987+00:00,60,18,27,1,256,0.001,0.001,bitcoin,usd,auto,10000.0,10607.3571,6.0736,47,"[('coin_id', 'bitcoin'), ('days', 60), ('fee_rate', 0.001), ('horizon', 18), ('n_estimators', 256), ('n_lags', 27), ('provider', 'auto'), ('threshold', 0.001), ('train_step', 1), ('vs_currency', 'usd')]"
2025-08-14T08:32:01.504133+00:00,60,18,27,1,256,0.001,0.0015,bitcoin,usd,auto,10000.0,10808.2504,8.0825,44,"[('coin_id', 'bitcoin'), ('days', 60), ('fee_rate', 0.001), ('horizon', 18), ('n_estimators', 256), ('n_lags', 27), ('provider', 'auto'), ('threshold', 0.0015), ('train_step', 1), ('vs_currency', 'usd')]"
2025-08-15T03:26:17.264170+00:00,60,18,27,1,256,0.001,0.002,bitcoin,usd,auto,10000.0,10724.9632,7.2496,43,"[('coin_id', 'bitcoin'), ('days', 60), ('fee_rate', 0.001), ('horizon', 18), ('n_estimators', 256), ('n_lags', 27), ('provider', 'auto'), ('threshold', 0.002), ('train_step', 1), ('vs_currency', 'usd')]"
2025-08-15T04:06:32.370551+00:00,60,18,27,1,256,0.001,0.003,bitcoin,usd,auto,10000.0,11048.2056,10.4821,31,"[('coin_id', 'bitcoin'), ('days', 60), ('fee_rate', 0.001), ('horizon', 18), ('n_estimators', 256), ('n_lags', 27), ('provider', 'auto'), ('threshold', 0.003), ('train_step', 1), ('vs_currency', 'usd')]"
2025-08-15T04:27:01.516531+00:00,60,18,27,2,256,0.001,0.001,bitcoin,usd,auto,10000.0,10494.7521,4.9475,56,"[('coin_id', 'bitcoin'), ('days', 60), ('fee_rate', 0.001), ('horizon', 18), ('n_estimators', 256), ('n_lags', 27), ('provider', 'auto'), ('threshold', 0.001), ('train_step', 2), ('vs_currency', 'usd')]"
2025-08-15T04:47:31.837189+00:00,60,18,27,2,256,0.001,0.0015,bitcoin,usd,auto,10000.0,10659.765,6.5977,49,"[('coin_id', 'bitcoin'), ('days', 60), ('fee_rate', 0.001), ('horizon', 18), ('n_estimators', 256), ('n_lags', 27), ('provider', 'auto'), ('threshold', 0.0015), ('train_step', 2), ('vs_currency', 'usd')]"
2025-08-15T05:08:02.234092+00:00,60,18,27,2,256,0.001,0.002,bitcoin,usd,auto,10000.0,10685.8892,6.8589,44,"[('coin_id', 'bitcoin'), ('days', 60), ('fee_rate', 0.001), ('horizon', 18), ('n_estimators', 256), ('n_lags', 27), ('provider', 'auto'), ('threshold', 0.002), ('train_step', 2), ('vs_currency', 'usd')]"
2025-08-15T05:28:30.953463+00:00,60,18,27,2,256,0.001,0.003,bitcoin,usd,auto,10000.0,10979.1951,9.792,30,"[('coin_id', 'bitcoin'), ('days', 60), ('fee_rate', 0.001), ('horizon', 18), ('n_estimators', 256), ('n_lags', 27), ('provider', 'auto'), ('threshold', 0.003), ('train_step', 2), ('vs_currency', 'usd')]"
2025-08-15T05:32:33.487361+00:00,60,18,27,12,256,0.001,0.001,bitcoin,usd,auto,10000.0,10537.24,5.3724,45,"[('coin_id', 'bitcoin'), ('days', 60), ('fee_rate', 0.001), ('horizon', 18), ('n_estimators', 256), ('n_lags', 27), ('provider', 'auto'), ('threshold', 0.001), ('train_step', 12), ('vs_currency', 'usd')]"
2025-08-15T05:36:36.158165+00:00,60,18,27,12,256,0.001,0.0015,bitcoin,usd,auto,10000.0,10622.8902,6.2289,42,"[('coin_id', 'bitcoin'), ('days', 60), ('fee_rate', 0.001), ('horizon', 18), ('n_estimators', 256), ('n_lags', 27), ('provider', 'auto'), ('threshold', 0.0015), ('train_step', 12), ('vs_currency', 'usd')]"
2025-08-15T05:40:38.890053+00:00,60,18,27,12,256,0.001,0.002,bitcoin,usd,auto,10000.0,10506.3792,5.0638,35,"[('coin_id', 'bitcoin'), ('days', 60), ('fee_rate', 0.001), ('horizon', 18), ('n_estimators', 256), ('n_lags', 27), ('provider', 'auto'), ('threshold', 0.002), ('train_step', 12), ('vs_currency', 'usd')]"
2025-08-15T05:44:41.217149+00:00,60,18,27,12,256,0.001,0.003,bitcoin,usd,auto,10000.0,10880.1719,8.8017,28,"[('coin_id', 'bitcoin'), ('days', 60), ('fee_rate', 0.001), ('horizon', 18), ('n_estimators', 256), ('n_lags', 27), ('provider', 'auto'), ('threshold', 0.003), ('train_step', 12), ('vs_currency', 'usd')]"
2025-08-15T05:47:05.284118+00:00,60,18,27,24,256,0.001,0.001,bitcoin,usd,auto,10000.0,10558.7705,5.5877,43,"[('coin_id', 'bitcoin'), ('days', 60), ('fee_rate', 0.001), ('horizon', 18), ('n_estimators', 256), ('n_lags', 27), ('provider', 'auto'), ('threshold', 0.001), ('train_step', 24), ('vs_currency', 'usd')]"
2025-08-15T05:49:29.275637+00:00,60,18,27,24,256,0.001,0.0015,bitcoin,usd,auto,10000.0,10702.9661,7.0297,41,"[('coin_id', 'bitcoin'), ('days', 60), ('fee_rate', 0.001), ('horizon', 18), ('n_estimators', 256), ('n_lags', 27), ('provider', 'auto'), ('threshold', 0.0015), ('train_step', 24), ('vs_currency', 'usd')]"
2025-08-15T05:51:54.643169+00:00,60,18,27,24,256,0.001,0.002,bitcoin,usd,auto,10000.0,10670.9336,6.7093,35,"[('coin_id', 'bitcoin'), ('days', 60), ('fee_rate', 0.001), ('horizon', 18), ('n_estimators', 256), ('n_lags', 27), ('provider', 'auto'), ('threshold', 0.002), ('train_step', 24), ('vs_currency', 'usd')]"
2025-08-15T05:54:19.142150+00:00,60,18,27,24,256,0.001,0.003,bitcoin,usd,auto,10000.0,11026.1205,10.2612,28,"[('coin_id', 'bitcoin'), ('days', 60), ('fee_rate', 0.001), ('horizon', 18), ('n_estimators', 256), ('n_lags', 27), ('provider', 'auto'), ('threshold', 0.003), ('train_step', 24), ('vs_currency', 'usd')]"
2025-08-15T06:04:29.621501+00:00,60,21,27,1,64,0.001,0.001,bitcoin,usd,auto,10000.0,10559.0372,5.5904,50,"[('coin_id', 'bitcoin'), ('days', 60), ('fee_rate', 0.001), ('horizon', 21), ('n_estimators', 64), ('n_lags', 27), ('provider', 'auto'), ('threshold', 0.001), ('train_step', 1), ('vs_currency', 'usd')]"
2025-08-15T06:14:40.886947+00:00,60,21,27,1,64,0.001,0.0015,bitcoin,usd,auto,10000.0,10693.7936,6.9379,46,"[('coin_id', 'bitcoin'), ('days', 60), ('fee_rate', 0.001), ('horizon', 21), ('n_estimators', 64), ('n_lags', 27), ('provider', 'auto'), ('threshold', 0.0015), ('train_step', 1), ('vs_currency', 'usd')]"
2025-08-15T06:24:52.083032+00:00,60,21,27,1,64,0.001,0.002,bitcoin,usd,auto,10000.0,11091.1593,10.9116,37,"[('coin_id', 'bitcoin'), ('days', 60), ('fee_rate', 0.001), ('horizon', 21), ('n_estimators', 64), ('n_lags', 27), ('provider', 'auto'), ('threshold', 0.002), ('train_step', 1), ('vs_currency', 'usd')]"
2025-08-15T06:35:02.101390+00:00,60,21,27,1,64,0.001,0.003,bitcoin,usd,auto,10000.0,11249.6162,12.4962,32,"[('coin_id', 'bitcoin'), ('days', 60), ('fee_rate', 0.001), ('horizon', 21), ('n_estimators', 64), ('n_lags', 27), ('provider', 'auto'), ('threshold', 0.003), ('train_step', 1), ('vs_currency', 'usd')]"
2025-08-15T06:40:15.188911+00:00,60,21,27,2,64,0.001,0.001,bitcoin,usd,auto,10000.0,10543.5395,5.4354,54,"[('coin_id', 'bitcoin'), ('days', 60), ('fee_rate', 0.001), ('horizon', 21), ('n_estimators', 64), ('n_lags', 27), ('provider', 'auto'), ('threshold', 0.001), ('train_step', 2), ('vs_currency', 'usd')]"
2025-08-15T06:45:28.455432+00:00,60,21,27,2,64,0.001,0.0015,bitcoin,usd,auto,10000.0,10626.6125,6.2661,42,"[('coin_id', 'bitcoin'), ('days', 60), ('fee_rate', 0.001), ('horizon', 21), ('n_estimators', 64), ('n_lags', 27), ('provider', 'auto'), ('threshold', 0.0015), ('train_step', 2), ('vs_currency', 'usd')]"
2025-08-15T06:50:43.365014+00:00,60,21,27,2,64,0.001,0.002,bitcoin,usd,auto,10000.0,10977.6984,9.777,37,"[('coin_id', 'bitcoin'), ('days', 60), ('fee_rate', 0.001), ('horizon', 21), ('n_estimators', 64), ('n_lags', 27), ('provider', 'auto'), ('threshold', 0.002), ('train_step', 2), ('vs_currency', 'usd')]"
2025-08-15T06:55:56.798924+00:00,60,21,27,2,64,0.001,0.003,bitcoin,usd,auto,10000.0,11189.7746,11.8977,31,"[('coin_id', 'bitcoin'), ('days', 60), ('fee_rate', 0.001), ('horizon', 21), ('n_estimators', 64), ('n_lags', 27), ('provider', 'auto'), ('threshold', 0.003), ('train_step', 2), ('vs_currency', 'usd')]"
2025-08-15T06:57:03.493255+00:00,60,21,27,12,64,0.001,0.001,bitcoin,usd,auto,10000.0,10349.8233,3.4982,48,"[('coin_id', 'bitcoin'), ('days', 60), ('fee_rate', 0.001), ('horizon', 21), ('n_estimators', 64), ('n_lags', 27), ('provider', 'auto'), ('threshold', 0.001), ('train_step', 12), ('vs_currency', 'usd')]"
2025-08-15T06:58:09.904334+00:00,60,21,27,12,64,0.001,0.0015,bitcoin,usd,auto,10000.0,10427.4224,4.2742,41,"[('coin_id', 'bitcoin'), ('days', 60), ('fee_rate', 0.001), ('horizon', 21), ('n_estimators', 64), ('n_lags', 27), ('provider', 'auto'), ('threshold', 0.0015), ('train_step', 12), ('vs_currency', 'usd')]"
2025-08-15T06:59:16.406498+00:00,60,21,27,12,64,0.001,0.002,bitcoin,usd,auto,10000.0,10626.5251,6.2653,34,"[('coin_id', 'bitcoin'), ('days', 60), ('fee_rate', 0.001), ('horizon', 21), ('n_estimators', 64), ('n_lags', 27), ('provider', 'auto'), ('threshold', 0.002), ('train_step', 12), ('vs_currency', 'usd')]"
2025-08-15T07:00:23.124204+00:00,60,21,27,12,64,0.001,0.003,bitcoin,usd,auto,10000.0,10791.5164,7.9152,29,"[('coin_id', 'bitcoin'), ('days', 60), ('fee_rate', 0.001), ('horizon', 21), ('n_estimators', 64), ('n_lags', 27), ('provider', 'auto'), ('threshold', 0.003), ('train_step', 12), ('vs_currency', 'usd')]"
2025-08-15T07:01:04.826016+00:00,60,21,27,24,64,0.001,0.001,bitcoin,usd,auto,10000.0,10386.8096,3.8681,41,"[('coin_id', 'bitcoin'), ('days', 60), ('fee_rate', 0.001), ('horizon', 21), ('n_estimators', 64), ('n_lags', 27), ('provider', 'auto'), ('threshold', 0.001), ('train_step', 24), ('vs_currency', 'usd')]"
2025-08-15T07:01:46.583197+00:00,60,21,27,24,64,0.001,0.0015,bitcoin,usd,auto,10000.0,10577.2102,5.7721,37,"[('coin_id', 'bitcoin'), ('days', 60), ('fee_rate', 0.001), ('horizon', 21), ('n_estimators', 64), ('n_lags', 27), ('provider', 'auto'), ('threshold', 0.0015), ('train_step', 24), ('vs_currency', 'usd')]"
2025-08-15T07:02:28.365437+00:00,60,21,27,24,64,0.001,0.002,bitcoin,usd,auto,10000.0,10655.3413,6.5534,33,"[('coin_id', 'bitcoin'), ('days', 60), ('fee_rate', 0.001), ('horizon', 21), ('n_estimators', 64), ('n_lags', 27), ('provider', 'auto'), ('threshold', 0.002), ('train_step', 24), ('vs_currency', 'usd')]"
2025-08-15T07:03:10.180086+00:00,60,21,27,24,64,0.001,0.003,bitcoin,usd,auto,10000.0,10842.0813,8.4208,27,"[('coin_id', 'bitcoin'), ('days', 60), ('fee_rate', 0.001), ('horizon', 21), ('n_estimators', 64), ('n_lags', 27), ('provider', 'auto'), ('threshold', 0.003), ('train_step', 24), ('vs_currency', 'usd')]"
2025-08-15T07:23:13.943072+00:00,60,21,27,1,128,0.001,0.001,bitcoin,usd,auto,10000.0,10558.458,5.5846,51,"[('coin_id', 'bitcoin'), ('days', 60), ('fee_rate', 0.001), ('horizon', 21), ('n_estimators', 128), ('n_lags', 27), ('provider', 'auto'), ('threshold', 0.001), ('train_step', 1), ('vs_currency', 'usd')]"
2025-08-15T07:43:18.431931+00:00,60,21,27,1,128,0.001,0.0015,bitcoin,usd,auto,10000.0,10967.465,9.6747,46,"[('coin_id', 'bitcoin'), ('days', 60), ('fee_rate', 0.001), ('horizon', 21), ('n_estimators', 128), ('n_lags', 27), ('provider', 'auto'), ('threshold', 0.0015), ('train_step', 1), ('vs_currency', 'usd')]"
2025-08-15T08:03:22.475568+00:00,60,21,27,1,128,0.001,0.002,bitcoin,usd,auto,10000.0,11059.5753,10.5958,38,"[('coin_id', 'bitcoin'), ('days', 60), ('fee_rate', 0.001), ('horizon', 21), ('n_estimators', 128), ('n_lags', 27), ('provider', 'auto'), ('threshold', 0.002), ('train_step', 1), ('vs_currency', 'usd')]"
2025-08-15T08:23:28.012400+00:00,60,21,27,1,128,0.001,0.003,bitcoin,usd,auto,10000.0,11280.2956,12.803,33,"[('coin_id', 'bitcoin'), ('days', 60), ('fee_rate', 0.001), ('horizon', 21), ('n_estimators', 128), ('n_lags', 27), ('provider', 'auto'), ('threshold', 0.003), ('train_step', 1), ('vs_currency', 'usd')]"
2025-08-15T08:33:47.989953+00:00,60,21,27,2,128,0.001,0.001,bitcoin,usd,auto,10000.0,10577.5605,5.7756,52,"[('coin_id', 'bitcoin'), ('days', 60), ('fee_rate', 0.001), ('horizon', 21), ('n_estimators', 128), ('n_lags', 27), ('provider', 'auto'), ('threshold', 0.001), ('train_step', 2), ('vs_currency', 'usd')]"
2025-08-16T02:39:43.611926+00:00,60,21,27,2,128,0.001,0.0015,bitcoin,usd,auto,10000.0,11168.3698,11.6837,46,"[('coin_id', 'bitcoin'), ('days', 60), ('fee_rate', 0.001), ('horizon', 21), ('n_estimators', 128), ('n_lags', 27), ('provider', 'auto'), ('threshold', 0.0015), ('train_step', 2), ('vs_currency', 'usd')]"
2025-08-16T02:50:03.723087+00:00,60,21,27,2,128,0.001,0.002,bitcoin,usd,auto,10000.0,11144.6219,11.4462,36,"[('coin_id', 'bitcoin'), ('days', 60), ('fee_rate', 0.001), ('horizon', 21), ('n_estimators', 128), ('n_lags', 27), ('provider', 'auto'), ('threshold', 0.002), ('train_step', 2), ('vs_currency', 'usd')]"
2025-08-16T03:00:23.012773+00:00,60,21,27,2,128,0.001,0.003,bitcoin,usd,auto,10000.0,11255.974,12.5597,30,"[('coin_id', 'bitcoin'), ('days', 60), ('fee_rate', 0.001), ('horizon', 21), ('n_estimators', 128), ('n_lags', 27), ('provider', 'auto'), ('threshold', 0.003), ('train_step', 2), ('vs_currency', 'usd')]"
2025-08-16T03:02:33.352176+00:00,60,21,27,12,128,0.001,0.001,bitcoin,usd,auto,10000.0,10642.8679,6.4287,45,"[('coin_id', 'bitcoin'), ('days', 60), ('fee_rate', 0.001), ('horizon', 21), ('n_estimators', 128), ('n_lags', 27), ('provider', 'auto'), ('threshold', 0.001), ('train_step', 12), ('vs_currency', 'usd')]"
2025-08-16T03:04:43.608084+00:00,60,21,27,12,128,0.001,0.0015,bitcoin,usd,auto,10000.0,10748.5203,7.4852,40,"[('coin_id', 'bitcoin'), ('days', 60), ('fee_rate', 0.001), ('horizon', 21), ('n_estimators', 128), ('n_lags', 27), ('provider', 'auto'), ('threshold', 0.0015), ('train_step', 12), ('vs_currency', 'usd')]"
2025-08-16T03:06:53.877029+00:00,60,21,27,12,128,0.001,0.002,bitcoin,usd,auto,10000.0,10943.856,9.4386,34,"[('coin_id', 'bitcoin'), ('days', 60), ('fee_rate', 0.001), ('horizon', 21), ('n_estimators', 128), ('n_lags', 27), ('provider', 'auto'), ('threshold', 0.002), ('train_step', 12), ('vs_currency', 'usd')]"
2025-08-16T03:09:04.357968+00:00,60,21,27,12,128,0.001,0.003,bitcoin,usd,auto,10000.0,10850.7843,8.5078,27,"[('coin_id', 'bitcoin'), ('days', 60), ('fee_rate', 0.001), ('horizon', 21), ('n_estimators', 128), ('n_lags', 27), ('provider', 'auto'), ('threshold', 0.003), ('train_step', 12), ('vs_currency', 'usd')]"
2025-08-16T03:10:25.432527+00:00,60,21,27,24,128,0.001,0.001,bitcoin,usd,auto,10000.0,10756.6251,7.5663,43,"[('coin_id', 'bitcoin'), ('days', 60), ('fee_rate', 0.001), ('horizon', 21), ('n_estimators', 128), ('n_lags', 27), ('provider', 'auto'), ('threshold', 0.001), ('train_step', 24), ('vs_currency', 'usd')]"
2025-08-16T03:11:46.503698+00:00,60,21,27,24,128,0.001,0.0015,bitcoin,usd,auto,10000.0,10863.5394,8.6354,37,"[('coin_id', 'bitcoin'), ('days', 60), ('fee_rate', 0.001), ('horizon', 21), ('n_estimators', 128), ('n_lags', 27), ('provider', 'auto'), ('threshold', 0.0015), ('train_step', 24), ('vs_currency', 'usd')]"
2025-08-16T03:13:07.393510+00:00,60,21,27,24,128,0.001,0.002,bitcoin,usd,auto,10000.0,10985.928,9.8593,32,"[('coin_id', 'bitcoin'), ('days', 60), ('fee_rate', 0.001), ('horizon', 21), ('n_estimators', 128), ('n_lags', 27), ('provider', 'auto'), ('threshold', 0.002), ('train_step', 24), ('vs_currency', 'usd')]"
2025-08-16T03:14:28.403090+00:00,60,21,27,24,128,0.001,0.003,bitcoin,usd,auto,10000.0,10882.9887,8.8299,26,"[('coin_id', 'bitcoin'), ('days', 60), ('fee_rate', 0.001), ('horizon', 21), ('n_estimators', 128), ('n_lags', 27), ('provider', 'auto'), ('threshold', 0.003), ('train_step', 24), ('vs_currency', 'usd')]"
2025-08-16T03:54:02.714013+00:00,60,21,27,1,256,0.001,0.001,bitcoin,usd,auto,10000.0,10634.0622,6.3406,49,"[('coin_id', 'bitcoin'), ('days', 60), ('fee_rate', 0.001), ('horizon', 21), ('n_estimators', 256), ('n_lags', 27), ('provider', 'auto'), ('threshold', 0.001), ('train_step', 1), ('vs_currency', 'usd')]"
2025-08-16T04:33:39.631143+00:00,60,21,27,1,256,0.001,0.0015,bitcoin,usd,auto,10000.0,11009.2864,10.0929,44,"[('coin_id', 'bitcoin'), ('days', 60), ('fee_rate', 0.001), ('horizon', 21), ('n_estimators', 256), ('n_lags', 27), ('provider', 'auto'), ('threshold', 0.0015), ('train_step', 1), ('vs_currency', 'usd')]"
2025-08-16T05:13:17.511052+00:00,60,21,27,1,256,0.001,0.002,bitcoin,usd,auto,10000.0,10996.8121,9.9681,38,"[('coin_id', 'bitcoin'), ('days', 60), ('fee_rate', 0.001), ('horizon', 21), ('n_estimators', 256), ('n_lags', 27), ('provider', 'auto'), ('threshold', 0.002), ('train_step', 1), ('vs_currency', 'usd')]"
2025-08-16T05:52:54.387501+00:00,60,21,27,1,256,0.001,0.003,bitcoin,usd,auto,10000.0,11315.0593,13.1506,32,"[('coin_id', 'bitcoin'), ('days', 60), ('fee_rate', 0.001), ('horizon', 21), ('n_estimators', 256), ('n_lags', 27), ('provider', 'auto'), ('threshold', 0.003), ('train_step', 1), ('vs_currency', 'usd')]"
2025-08-16T06:13:05.526728+00:00,60,21,27,2,256,0.001,0.001,bitcoin,usd,auto,10000.0,10632.9059,6.3291,48,"[('coin_id', 'bitcoin'), ('days', 60), ('fee_rate', 0.001), ('horizon', 21), ('n_estimators', 256), ('n_lags', 27), ('provider', 'auto'), ('threshold', 0.001), ('train_step', 2), ('vs_currency', 'usd')]"
2025-08-16T06:33:19.086822+00:00,60,21,27,2,256,0.001,0.0015,bitcoin,usd,auto,10000.0,10989.315,9.8932,43,"[('coin_id', 'bitcoin'), ('days', 60), ('fee_rate', 0.001), ('horizon', 21), ('n_estimators', 256), ('n_lags', 27), ('provider', 'auto'), ('threshold', 0.0015), ('train_step', 2), ('vs_currency', 'usd')]"
2025-08-16T06:53:30.401083+00:00,60,21,27,2,256,0.001,0.002,bitcoin,usd,auto,10000.0,11015.396,10.154,37,"[('coin_id', 'bitcoin'), ('days', 60), ('fee_rate', 0.001), ('horizon', 21), ('n_estimators', 256), ('n_lags', 27), ('provider', 'auto'), ('threshold', 0.002), ('train_step', 2), ('vs_currency', 'usd')]"
2025-08-16T07:13:42.460792+00:00,60,21,27,2,256,0.001,0.003,bitcoin,usd,auto,10000.0,11255.6713,12.5567,30,"[('coin_id', 'bitcoin'), ('days', 60), ('fee_rate', 0.001), ('horizon', 21), ('n_estimators', 256), ('n_lags', 27), ('provider', 'auto'), ('threshold', 0.003), ('train_step', 2), ('vs_currency', 'usd')]"
2025-08-16T07:17:43.301363+00:00,60,21,27,12,256,0.001,0.001,bitcoin,usd,auto,10000.0,10592.9942,5.9299,47,"[('coin_id', 'bitcoin'), ('days', 60), ('fee_rate', 0.001), ('horizon', 21), ('n_estimators', 256), ('n_lags', 27), ('provider', 'auto'), ('threshold', 0.001), ('train_step', 12), ('vs_currency', 'usd')]"
2025-08-16T07:21:44.199705+00:00,60,21,27,12,256,0.001,0.0015,bitcoin,usd,auto,10000.0,10632.6192,6.3262,40,"[('coin_id', 'bitcoin'), ('days', 60), ('fee_rate', 0.001), ('horizon', 21), ('n_estimators', 256), ('n_lags', 27), ('provider', 'auto'), ('threshold', 0.0015), ('train_step', 12), ('vs_currency', 'usd')]"
2025-08-16T07:25:45.472640+00:00,60,21,27,12,256,0.001,0.002,bitcoin,usd,auto,10000.0,10795.5842,7.9558,36,"[('coin_id', 'bitcoin'), ('days', 60), ('fee_rate', 0.001), ('horizon', 21), ('n_estimators', 256), ('n_lags', 27), ('provider', 'auto'), ('threshold', 0.002), ('train_step', 12), ('vs_currency', 'usd')]"
2025-08-16T07:29:46.776478+00:00,60,21,27,12,256,0.001,0.003,bitcoin,usd,auto,10000.0,10840.2033,8.402,27,"[('coin_id', 'bitcoin'), ('days', 60), ('fee_rate', 0.001), ('horizon', 21), ('n_estimators', 256), ('n_lags', 27), ('provider', 'auto'), ('threshold', 0.003), ('train_step', 12), ('vs_currency', 'usd')]"
2025-08-16T07:32:10.180003+00:00,60,21,27,24,256,0.001,0.001,bitcoin,usd,auto,10000.0,10645.2538,6.4525,44,"[('coin_id', 'bitcoin'), ('days', 60), ('fee_rate', 0.001), ('horizon', 21), ('n_estimators', 256), ('n_lags', 27), ('provider', 'auto'), ('threshold', 0.001), ('train_step', 24), ('vs_currency', 'usd')]"
2025-08-16T07:34:33.725831+00:00,60,21,27,24,256,0.001,0.0015,bitcoin,usd,auto,10000.0,10670.9477,6.7095,36,"[('coin_id', 'bitcoin'), ('days', 60), ('fee_rate', 0.001), ('horizon', 21), ('n_estimators', 256), ('n_lags', 27), ('provider', 'auto'), ('threshold', 0.0015), ('train_step', 24), ('vs_currency', 'usd')]"
2025-08-16T07:36:57.195672+00:00,60,21,27,24,256,0.001,0.002,bitcoin,usd,auto,10000.0,10810.5893,8.1059,34,"[('coin_id', 'bitcoin'), ('days', 60), ('fee_rate', 0.001), ('horizon', 21), ('n_estimators', 256), ('n_lags', 27), ('provider', 'auto'), ('threshold', 0.002), ('train_step', 24), ('vs_currency', 'usd')]"
2025-08-16T07:39:20.745683+00:00,60,21,27,24,256,0.001,0.003,bitcoin,usd,auto,10000.0,10881.0638,8.8106,25,"[('coin_id', 'bitcoin'), ('days', 60), ('fee_rate', 0.001), ('horizon', 21), ('n_estimators', 256), ('n_lags', 27), ('provider', 'auto'), ('threshold', 0.003), ('train_step', 24), ('vs_currency', 'usd')]"
2025-08-16T07:49:30.842097+00:00,60,24,27,1,64,0.001,0.001,bitcoin,usd,auto,10000.0,10734.2604,7.3426,48,"[('coin_id', 'bitcoin'), ('days', 60), ('fee_rate', 0.001), ('horizon', 24), ('n_estimators', 64), ('n_lags', 27), ('provider', 'auto'), ('threshold', 0.001), ('train_step', 1), ('vs_currency', 'usd')]"
2025-08-16T07:59:39.646859+00:00,60,24,27,1,64,0.001,0.0015,bitcoin,usd,auto,10000.0,10888.3765,8.8838,39,"[('coin_id', 'bitcoin'), ('days', 60), ('fee_rate', 0.001), ('horizon', 24), ('n_estimators', 64), ('n_lags', 27), ('provider', 'auto'), ('threshold', 0.0015), ('train_step', 1), ('vs_currency', 'usd')]"
2025-08-16T08:09:48.466339+00:00,60,24,27,1,64,0.001,0.002,bitcoin,usd,auto,10000.0,11053.4711,10.5347,37,"[('coin_id', 'bitcoin'), ('days', 60), ('fee_rate', 0.001), ('horizon', 24), ('n_estimators', 64), ('n_lags', 27), ('provider', 'auto'), ('threshold', 0.002), ('train_step', 1), ('vs_currency', 'usd')]"
2025-08-17T03:00:53.829808+00:00,60,24,27,1,64,0.001,0.003,bitcoin,usd,auto,10000.0,11106.6201,11.0662,29,"[('coin_id', 'bitcoin'), ('days', 60), ('fee_rate', 0.001), ('horizon', 24), ('n_estimators', 64), ('n_lags', 27), ('provider', 'auto'), ('threshold', 0.003), ('train_step', 1), ('vs_currency', 'usd')]"
2025-08-17T03:06:11.297231+00:00,60,24,27,2,64,0.001,0.001,bitcoin,usd,auto,10000.0,10674.5987,6.746,48,"[('coin_id', 'bitcoin'), ('days', 60), ('fee_rate', 0.001), ('horizon', 24), ('n_estimators', 64), ('n_lags', 27), ('provider', 'auto'), ('threshold', 0.001), ('train_step', 2), ('vs_currency', 'usd')]"
2025-08-17T03:11:28.421268+00:00,60,24,27,2,64,0.001,0.0015,bitcoin,usd,auto,10000.0,10810.898,8.109,44,"[('coin_id', 'bitcoin'), ('days', 60), ('fee_rate', 0.001), ('horizon', 24), ('n_estimators', 64), ('n_lags', 27), ('provider', 'auto'), ('threshold', 0.0015), ('train_step', 2), ('vs_currency', 'usd')]"
2025-08-17T03:16:45.423885+00:00,60,24,27,2,64,0.001,0.002,bitcoin,usd,auto,10000.0,10887.2477,8.8725,37,"[('coin_id', 'bitcoin'), ('days', 60), ('fee_rate', 0.001), ('horizon', 24), ('n_estimators', 64), ('n_lags', 27), ('provider', 'auto'), ('threshold', 0.002), ('train_step', 2), ('vs_currency', 'usd')]"
2025-08-17T03:22:02.472029+00:00,60,24,27,2,64,0.001,0.003,bitcoin,usd,auto,10000.0,11178.2519,11.7825,30,"[('coin_id', 'bitcoin'), ('days', 60), ('fee_rate', 0.001), ('horizon', 24), ('n_estimators', 64), ('n_lags', 27), ('provider', 'auto'), ('threshold', 0.003), ('train_step', 2), ('vs_currency', 'usd')]"
2025-08-17T03:23:09.845398+00:00,60,24,27,12,64,0.001,0.001,bitcoin,usd,auto,10000.0,10736.8066,7.3681,40,"[('coin_id', 'bitcoin'), ('days', 60), ('fee_rate', 0.001), ('horizon', 24), ('n_estimators', 64), ('n_lags', 27), ('provider', 'auto'), ('threshold', 0.001), ('train_step', 12), ('vs_currency', 'usd')]"
2025-08-17T03:24:17.272948+00:00,60,24,27,12,64,0.001,0.0015,bitcoin,usd,auto,10000.0,10602.5817,6.0258,35,"[('coin_id', 'bitcoin'), ('days', 60), ('fee_rate', 0.001), ('horizon', 24), ('n_estimators', 64), ('n_lags', 27), ('provider', 'auto'), ('threshold', 0.0015), ('train_step', 12), ('vs_currency', 'usd')]"
2025-08-17T03:25:24.694281+00:00,60,24,27,12,64,0.001,0.002,bitcoin,usd,auto,10000.0,10409.1839,4.0918,28,"[('coin_id', 'bitcoin'), ('days', 60), ('fee_rate', 0.001), ('horizon', 24), ('n_estimators', 64), ('n_lags', 27), ('provider', 'auto'), ('threshold', 0.002), ('train_step', 12), ('vs_currency', 'usd')]"
2025-08-17T03:26:31.916534+00:00,60,24,27,12,64,0.001,0.003,bitcoin,usd,auto,10000.0,10697.0389,6.9704,24,"[('coin_id', 'bitcoin'), ('days', 60), ('fee_rate', 0.001), ('horizon', 24), ('n_estimators', 64), ('n_lags', 27), ('provider', 'auto'), ('threshold', 0.003), ('train_step', 12), ('vs_currency', 'usd')]"
2025-08-17T03:27:14.303492+00:00,60,24,27,24,64,0.001,0.001,bitcoin,usd,auto,10000.0,10791.3453,7.9135,39,"[('coin_id', 'bitcoin'), ('days', 60), ('fee_rate', 0.001), ('horizon', 24), ('n_estimators', 64), ('n_lags', 27), ('provider', 'auto'), ('threshold', 0.001), ('train_step', 24), ('vs_currency', 'usd')]"
2025-08-17T03:27:56.591783+00:00,60,24,27,24,64,0.001,0.0015,bitcoin,usd,auto,10000.0,10716.6818,7.1668,33,"[('coin_id', 'bitcoin'), ('days', 60), ('fee_rate', 0.001), ('horizon', 24), ('n_estimators', 64), ('n_lags', 27), ('provider', 'auto'), ('threshold', 0.0015), ('train_step', 24), ('vs_currency', 'usd')]"
2025-08-17T03:28:38.509186+00:00,60,24,27,24,64,0.001,0.002,bitcoin,usd,auto,10000.0,10565.1501,5.6515,27,"[('coin_id', 'bitcoin'), ('days', 60), ('fee_rate', 0.001), ('horizon', 24), ('n_estimators', 64), ('n_lags', 27), ('provider', 'auto'), ('threshold', 0.002), ('train_step', 24), ('vs_currency', 'usd')]"
2025-08-17T03:29:20.356705+00:00,60,24,27,24,64,0.001,0.003,bitcoin,usd,auto,10000.0,10783.0523,7.8305,23,"[('coin_id', 'bitcoin'), ('days', 60), ('fee_rate', 0.001), ('horizon', 24), ('n_estimators', 64), ('n_lags', 27), ('provider', 'auto'), ('threshold', 0.003), ('train_step', 24), ('vs_currency', 'usd')]"
2025-08-17T03:49:26.148281+00:00,60,24,27,1,128,0.001,0.001,bitcoin,usd,auto,10000.0,10729.2094,7.2921,48,"[('coin_id', 'bitcoin'), ('days', 60), ('fee_rate', 0.001), ('horizon', 24), ('n_estimators', 128), ('n_lags', 27), ('provider', 'auto'), ('threshold', 0.001), ('train_step', 1), ('vs_currency', 'usd')]"
2025-08-17T04:09:32.061478+00:00,60,24,27,1,128,0.001,0.0015,bitcoin,usd,auto,10000.0,10709.7104,7.0971,40,"[('coin_id', 'bitcoin'), ('days', 60), ('fee_rate', 0.001), ('horizon', 24), ('n_estimators', 128), ('n_lags', 27), ('provider', 'auto'), ('threshold', 0.0015), ('train_step', 1), ('vs_currency', 'usd')]"
2025-08-17T04:29:36.799421+00:00,60,24,27,1,128,0.001,0.002,bitcoin,usd,auto,10000.0,10887.5499,8.8755,37,"[('coin_id', 'bitcoin'), ('days', 60), ('fee_rate', 0.001), ('horizon', 24), ('n_estimators', 128), ('n_lags', 27), ('provider', 'auto'), ('threshold', 0.002), ('train_step', 1), ('vs_currency', 'usd')]"
2025-08-17T04:49:42.297604+00:00,60,24,27,1,128,0.001,0.003,bitcoin,usd,auto,10000.0,11089.1231,10.8912,30,"[('coin_id', 'bitcoin'), ('days', 60), ('fee_rate', 0.001), ('horizon', 24), ('n_estimators', 128), ('n_lags', 27), ('provider', 'auto'), ('threshold', 0.003), ('train_step', 1), ('vs_currency', 'usd')]"
2025-08-17T05:00:00.642408+00:00,60,24,27,2,128,0.001,0.001,bitcoin,usd,auto,10000.0,10768.1947,7.6819,49,"[('coin_id', 'bitcoin'), ('days', 60), ('fee_rate', 0.001), ('horizon', 24), ('n_estimators', 128), ('n_lags', 27), ('provider', 'auto'), ('threshold', 0.001), ('train_step', 2), ('vs_currency', 'usd')]"
2025-08-17T05:10:19.913455+00:00,60,24,27,2,128,0.001,0.0015,bitcoin,usd,auto,10000.0,10723.8821,7.2388,40,"[('coin_id', 'bitcoin'), ('days', 60), ('fee_rate', 0.001), ('horizon', 24), ('n_estimators', 128), ('n_lags', 27), ('provider', 'auto'), ('threshold', 0.0015), ('train_step', 2), ('vs_currency', 'usd')]"
2025-08-17T05:20:38.432555+00:00,60,24,27,2,128,0.001,0.002,bitcoin,usd,auto,10000.0,10930.4655,9.3047,38,"[('coin_id', 'bitcoin'), ('days', 60), ('fee_rate', 0.001), ('horizon', 24), ('n_estimators', 128), ('n_lags', 27), ('provider', 'auto'), ('threshold', 0.002), ('train_step', 2), ('vs_currency', 'usd')]"
2025-08-17T05:30:56.414364+00:00,60,24,27,2,128,0.001,0.003,bitcoin,usd,auto,10000.0,11165.3279,11.6533,31,"[('coin_id', 'bitcoin'), ('days', 60), ('fee_rate', 0.001), ('horizon', 24), ('n_estimators', 128), ('n_lags', 27), ('provider', 'auto'), ('threshold', 0.003), ('train_step', 2), ('vs_currency', 'usd')]"
2025-08-17T05:33:06.060833+00:00,60,24,27,12,128,0.001,0.001,bitcoin,usd,auto,10000.0,10848.8265,8.4883,40,"[('coin_id', 'bitcoin'), ('days', 60), ('fee_rate', 0.001), ('horizon', 24), ('n_estimators', 128), ('n_lags', 27), ('provider', 'auto'), ('threshold', 0.001), ('train_step', 12), ('vs_currency', 'usd')]"
2025-08-17T05:35:15.726908+00:00,60,24,27,12,128,0.001,0.0015,bitcoin,usd,auto,10000.0,10629.3839,6.2938,34,"[('coin_id', 'bitcoin'), ('days', 60), ('fee_rate', 0.001), ('horizon', 24), ('n_estimators', 128), ('n_lags', 27), ('provider', 'auto'), ('threshold', 0.0015), ('train_step', 12), ('vs_currency', 'usd')]"
2025-08-17T05:37:25.252703+00:00,60,24,27,12,128,0.001,0.002,bitcoin,usd,auto,10000.0,10283.7907,2.8379,27,"[('coin_id', 'bitcoin'), ('days', 60), ('fee_rate', 0.001), ('horizon', 24), ('n_estimators', 128), ('n_lags', 27), ('provider', 'auto'), ('threshold', 0.002), ('train_step', 12), ('vs_currency', 'usd')]"
2025-08-17T05:39:34.965600+00:00,60,24,27,12,128,0.001,0.003,bitcoin,usd,auto,10000.0,10448.81,4.4881,22,"[('coin_id', 'bitcoin'), ('days', 60), ('fee_rate', 0.001), ('horizon', 24), ('n_estimators', 128), ('n_lags', 27), ('provider', 'auto'), ('threshold', 0.003), ('train_step', 12), ('vs_currency', 'usd')]"
2025-08-17T05:40:55.615223+00:00,60,24,27,24,128,0.001,0.001,bitcoin,usd,auto,10000.0,10868.6225,8.6862,38,"[('coin_id', 'bitcoin'), ('days', 60), ('fee_rate', 0.001), ('horizon', 24), ('n_estimators', 128), ('n_lags', 27), ('provider', 'auto'), ('threshold', 0.001), ('train_step', 24), ('vs_currency', 'usd')]"
2025-08-17T05:42:16.140757+00:00,60,24,27,24,128,0.001,0.0015,bitcoin,usd,auto,10000.0,10653.003,6.53,32,"[('coin_id', 'bitcoin'), ('days', 60), ('fee_rate', 0.001), ('horizon', 24), ('n_estimators', 128), ('n_lags', 27), ('provider', 'auto'), ('threshold', 0.0015), ('train_step', 24), ('vs_currency', 'usd')]"
2025-08-17T05:43:36.639108+00:00,60,24,27,24,128,0.001,0.002,bitcoin,usd,auto,10000.0,10437.7507,4.3775,27,"[('coin_id', 'bitcoin'), ('days', 60), ('fee_rate', 0.001), ('horizon', 24), ('n_estimators', 128), ('n_lags', 27), ('provider', 'auto'), ('threshold', 0.002), ('train_step', 24), ('vs_currency', 'usd')]"
2025-08-17T05:44:57.051600+00:00,60,24,27,24,128,0.001,0.003,bitcoin,usd,auto,10000.0,10627.3542,6.2735,21,"[('coin_id', 'bitcoin'), ('days', 60), ('fee_rate', 0.001), ('horizon', 24), ('n_estimators', 128), ('n_lags', 27), ('provider', 'auto'), ('threshold', 0.003), ('train_step', 24), ('vs_currency', 'usd')]"
2025-08-17T06:24:43.813804+00:00,60,24,27,1,256,0.001,0.001,bitcoin,usd,auto,10000.0,10717.5942,7.1759,46,"[('coin_id', 'bitcoin'), ('days', 60), ('fee_rate', 0.001), ('horizon', 24), ('n_estimators', 256), ('n_lags', 27), ('provider', 'auto'), ('threshold', 0.001), ('train_step', 1), ('vs_currency', 'usd')]"
2025-08-17T07:04:30.342564+00:00,60,24,27,1,256,0.001,0.0015,bitcoin,usd,auto,10000.0,10726.916,7.2692,38,"[('coin_id', 'bitcoin'), ('days', 60), ('fee_rate', 0.001), ('horizon', 24), ('n_estimators', 256), ('n_lags', 27), ('provider', 'auto'), ('threshold', 0.0015), ('train_step', 1), ('vs_currency', 'usd')]"
2025-08-17T07:44:15.704132+00:00,60,24,27,1,256,0.001,0.002,bitcoin,usd,auto,10000.0,10803.4893,8.0349,35,"[('coin_id', 'bitcoin'), ('days', 60), ('fee_rate', 0.001), ('horizon', 24), ('n_estimators', 256), ('n_lags', 27), ('provider', 'auto'), ('threshold', 0.002), ('train_step', 1), ('vs_currency', 'usd')]"
2025-08-17T08:24:03.239404+00:00,60,24,27,1,256,0.001,0.003,bitcoin,usd,auto,10000.0,11137.791,11.3779,31,"[('coin_id', 'bitcoin'), ('days', 60), ('fee_rate', 0.001), ('horizon', 24), ('n_estimators', 256), ('n_lags', 27), ('provider', 'auto'), ('threshold', 0.003), ('train_step', 1), ('vs_currency', 'usd')]"
2025-08-17T08:44:19.319121+00:00,60,24,27,2,256,0.001,0.001,bitcoin,usd,auto,10000.0,10779.3521,7.7935,49,"[('coin_id', 'bitcoin'), ('days', 60), ('fee_rate', 0.001), ('horizon', 24), ('n_estimators', 256), ('n_lags', 27), ('provider', 'auto'), ('threshold', 0.001), ('train_step', 2), ('vs_currency', 'usd')]"
2025-08-18T03:13:35.645209+00:00,60,24,27,2,256,0.001,0.0015,bitcoin,usd,auto,10000.0,11067.2734,10.6727,42,"[('coin_id', 'bitcoin'), ('days', 60), ('fee_rate', 0.001), ('horizon', 24), ('n_estimators', 256), ('n_lags', 27), ('provider', 'auto'), ('threshold', 0.0015), ('train_step', 2), ('vs_currency', 'usd')]"
2025-08-18T03:33:54.562304+00:00,60,24,27,2,256,0.001,0.002,bitcoin,usd,auto,10000.0,10933.6518,9.3365,33,"[('coin_id', 'bitcoin'), ('days', 60), ('fee_rate', 0.001), ('horizon', 24), ('n_estimators', 256), ('n_lags', 27), ('provider', 'auto'), ('threshold', 0.002), ('train_step', 2), ('vs_currency', 'usd')]"
2025-08-18T03:54:16.500143+00:00,60,24,27,2,256,0.001,0.003,bitcoin,usd,auto,10000.0,11143.3574,11.4336,29,"[('coin_id', 'bitcoin'), ('days', 60), ('fee_rate', 0.001), ('horizon', 24), ('n_estimators', 256), ('n_lags', 27), ('provider', 'auto'), ('threshold', 0.003), ('train_step', 2), ('vs_currency', 'usd')]"
2025-08-18T03:58:19.311546+00:00,60,24,27,12,256,0.001,0.001,bitcoin,usd,auto,10000.0,10693.6163,6.9362,42,"[('coin_id', 'bitcoin'), ('days', 60), ('fee_rate', 0.001), ('horizon', 24), ('n_estimators', 256), ('n_lags', 27), ('provider', 'auto'), ('threshold', 0.001), ('train_step', 12), ('vs_currency', 'usd')]"
2025-08-18T04:02:22.533841+00:00,60,24,27,12,256,0.001,0.0015,bitcoin,usd,auto,10000.0,10704.557,7.0456,34,"[('coin_id', 'bitcoin'), ('days', 60), ('fee_rate', 0.001), ('horizon', 24), ('n_estimators', 256), ('n_lags', 27), ('provider', 'auto'), ('threshold', 0.0015), ('train_step', 12), ('vs_currency', 'usd')]"
2025-08-18T04:06:25.388541+00:00,60,24,27,12,256,0.001,0.002,bitcoin,usd,auto,10000.0,10487.3285,4.8733,28,"[('coin_id', 'bitcoin'), ('days', 60), ('fee_rate', 0.001), ('horizon', 24), ('n_estimators', 256), ('n_lags', 27), ('provider', 'auto'), ('threshold', 0.002), ('train_step', 12), ('vs_currency', 'usd')]"
2025-08-18T04:10:28.889621+00:00,60,24,27,12,256,0.001,0.003,bitcoin,usd,auto,10000.0,10450.7227,4.5072,22,"[('coin_id', 'bitcoin'), ('days', 60), ('fee_rate', 0.001), ('horizon', 24), ('n_estimators', 256), ('n_lags', 27), ('provider', 'auto'), ('threshold', 0.003), ('train_step', 12), ('vs_currency', 'usd')]"
2025-08-18T04:12:53.375644+00:00,60,24,27,24,256,0.001,0.001,bitcoin,usd,auto,10000.0,10679.3773,6.7938,40,"[('coin_id', 'bitcoin'), ('days', 60), ('fee_rate', 0.001), ('horizon', 24), ('n_estimators', 256), ('n_lags', 27), ('provider', 'auto'), ('threshold', 0.001), ('train_step', 24), ('vs_currency', 'usd')]"
2025-08-18T04:15:17.932280+00:00,60,24,27,24,256,0.001,0.0015,bitcoin,usd,auto,10000.0,10691.9772,6.9198,33,"[('coin_id', 'bitcoin'), ('days', 60), ('fee_rate', 0.001), ('horizon', 24), ('n_estimators', 256), ('n_lags', 27), ('provider', 'auto'), ('threshold', 0.0015), ('train_step', 24), ('vs_currency', 'usd')]"
2025-08-18T04:17:42.265725+00:00,60,24,27,24,256,0.001,0.002,bitcoin,usd,auto,10000.0,10638.7951,6.388,28,"[('coin_id', 'bitcoin'), ('days', 60), ('fee_rate', 0.001), ('horizon', 24), ('n_estimators', 256), ('n_lags', 27), ('provider', 'auto'), ('threshold', 0.002), ('train_step', 24), ('vs_currency', 'usd')]"
2025-08-18T04:20:06.631077+00:00,60,24,27,24,256,0.001,0.003,bitcoin,usd,auto,10000.0,10552.906,5.5291,20,"[('coin_id', 'bitcoin'), ('days', 60), ('fee_rate', 0.001), ('horizon', 24), ('n_estimators', 256), ('n_lags', 27), ('provider', 'auto'), ('threshold', 0.003), ('train_step', 24), ('vs_currency', 'usd')]"
2025-08-18T04:30:25.988347+00:00,60,27,27,1,64,0.001,0.001,bitcoin,usd,auto,10000.0,10931.3478,9.3135,43,"[('coin_id', 'bitcoin'), ('days', 60), ('fee_rate', 0.001), ('horizon', 27), ('n_estimators', 64), ('n_lags', 27), ('provider', 'auto'), ('threshold', 0.001), ('train_step', 1), ('vs_currency', 'usd')]"
2025-08-18T04:40:44.478094+00:00,60,27,27,1,64,0.001,0.0015,bitcoin,usd,auto,10000.0,10880.7469,8.8075,37,"[('coin_id', 'bitcoin'), ('days', 60), ('fee_rate', 0.001), ('horizon', 27), ('n_estimators', 64), ('n_lags', 27), ('provider', 'auto'), ('threshold', 0.0015), ('train_step', 1), ('vs_currency', 'usd')]"
2025-08-18T04:51:01.180956+00:00,60,27,27,1,64,0.001,0.002,bitcoin,usd,auto,10000.0,10957.5373,9.5754,31,"[('coin_id', 'bitcoin'), ('days', 60), ('fee_rate', 0.001), ('horizon', 27), ('n_estimators', 64), ('n_lags', 27), ('provider', 'auto'), ('threshold', 0.002), ('train_step', 1), ('vs_currency', 'usd')]"
2025-08-18T05:01:18.148103+00:00,60,27,27,1,64,0.001,0.003,bitcoin,usd,auto,10000.0,10927.646,9.2765,23,"[('coin_id', 'bitcoin'), ('days', 60), ('fee_rate', 0.001), ('horizon', 27), ('n_estimators', 64), ('n_lags', 27), ('provider', 'auto'), ('threshold', 0.003), ('train_step', 1), ('vs_currency', 'usd')]"
2025-08-18T05:06:34.332121+00:00,60,27,27,2,64,0.001,0.001,bitcoin,usd,auto,10000.0,10897.3755,8.9738,44,"[('coin_id', 'bitcoin'), ('days', 60), ('fee_rate', 0.001), ('horizon', 27), ('n_estimators', 64), ('n_lags', 27), ('provider', 'auto'), ('threshold', 0.001), ('train_step', 2), ('vs_currency', 'usd')]"
2025-08-18T05:11:51.301541+00:00,60,27,27,2,64,0.001,0.0015,bitcoin,usd,auto,10000.0,10833.4886,8.3349,36,"[('coin_id', 'bitcoin'), ('days', 60), ('fee_rate', 0.001), ('horizon', 27), ('n_estimators', 64), ('n_lags', 27), ('provider', 'auto'), ('threshold', 0.0015), ('train_step', 2), ('vs_currency', 'usd')]"
2025-08-18T05:17:08.483054+00:00,60,27,27,2,64,0.001,0.002,bitcoin,usd,auto,10000.0,10884.4148,8.8441,30,"[('coin_id', 'bitcoin'), ('days', 60), ('fee_rate', 0.001), ('horizon', 27), ('n_estimators', 64), ('n_lags', 27), ('provider', 'auto'), ('threshold', 0.002), ('train_step', 2), ('vs_currency', 'usd')]"
2025-08-18T05:22:26.216928+00:00,60,27,27,2,64,0.001,0.003,bitcoin,usd,auto,10000.0,10928.0262,9.2803,24,"[('coin_id', 'bitcoin'), ('days', 60), ('fee_rate', 0.001), ('horizon', 27), ('n_estimators', 64), ('n_lags', 27), ('provider', 'auto'), ('threshold', 0.003), ('train_step', 2), ('vs_currency', 'usd')]"
2025-08-18T05:23:33.446542+00:00,60,27,27,12,64,0.001,0.001,bitcoin,usd,auto,10000.0,10608.7052,6.0871,37,"[('coin_id', 'bitcoin'), ('days', 60), ('fee_rate', 0.001), ('horizon', 27), ('n_estimators', 64), ('n_lags', 27), ('provider', 'auto'), ('threshold', 0.001), ('train_step', 12), ('vs_currency', 'usd')]"
2025-08-18T05:24:40.696154+00:00,60,27,27,12,64,0.001,0.0015,bitcoin,usd,auto,10000.0,10594.6171,5.9462,33,"[('coin_id', 'bitcoin'), ('days', 60), ('fee_rate', 0.001), ('horizon', 27), ('n_estimators', 64), ('n_lags', 27), ('provider', 'auto'), ('threshold', 0.0015), ('train_step', 12), ('vs_currency', 'usd')]"
2025-08-18T05:25:47.773439+00:00,60,27,27,12,64,0.001,0.002,bitcoin,usd,auto,10000.0,10593.884,5.9388,26,"[('coin_id', 'bitcoin'), ('days', 60), ('fee_rate', 0.001), ('horizon', 27), ('n_estimators', 64), ('n_lags', 27), ('provider', 'auto'), ('threshold', 0.002), ('train_step', 12), ('vs_currency', 'usd')]"
2025-08-18T05:26:54.874826+00:00,60,27,27,12,64,0.001,0.003,bitcoin,usd,auto,10000.0,10586.8047,5.868,21,"[('coin_id', 'bitcoin'), ('days', 60), ('fee_rate', 0.001), ('horizon', 27), ('n_estimators', 64), ('n_lags', 27), ('provider', 'auto'), ('threshold', 0.003), ('train_step', 12), ('vs_currency', 'usd')]"
2025-08-18T05:27:36.852523+00:00,60,27,27,24,64,0.001,0.001,bitcoin,usd,auto,10000.0,10619.0638,6.1906,34,"[('coin_id', 'bitcoin'), ('days', 60), ('fee_rate', 0.001), ('horizon', 27), ('n_estimators', 64), ('n_lags', 27), ('provider', 'auto'), ('threshold', 0.001), ('train_step', 24), ('vs_currency', 'usd')]"
2025-08-18T05:28:29.019681+00:00,60,27,27,24,64,0.001,0.0015,bitcoin,usd,auto,10000.0,10652.7467,6.5275,32,"[('coin_id', 'bitcoin'), ('days', 60), ('fee_rate', 0.001), ('horizon', 27), ('n_estimators', 64), ('n_lags', 27), ('provider', 'auto'), ('threshold', 0.0015), ('train_step', 24), ('vs_currency', 'usd')]"
2025-08-18T05:29:11.105054+00:00,60,27,27,24,64,0.001,0.002,bitcoin,usd,auto,10000.0,10670.6571,6.7066,27,"[('coin_id', 'bitcoin'), ('days', 60), ('fee_rate', 0.001), ('horizon', 27), ('n_estimators', 64), ('n_lags', 27), ('provider', 'auto'), ('threshold', 0.002), ('train_step', 24), ('vs_currency', 'usd')]"
2025-08-18T05:29:53.123422+00:00,60,27,27,24,64,0.001,0.003,bitcoin,usd,auto,10000.0,10710.3553,7.1036,21,"[('coin_id', 'bitcoin'), ('days', 60), ('fee_rate', 0.001), ('horizon', 27), ('n_estimators', 64), ('n_lags', 27), ('provider', 'auto'), ('threshold', 0.003), ('train_step', 24), ('vs_currency', 'usd')]"
2025-08-18T05:50:03.649456+00:00,60,27,27,1,128,0.001,0.001,bitcoin,usd,auto,10000.0,10890.4663,8.9047,43,"[('coin_id', 'bitcoin'), ('days', 60), ('fee_rate', 0.001), ('horizon', 27), ('n_estimators', 128), ('n_lags', 27), ('provider', 'auto'), ('threshold', 0.001), ('train_step', 1), ('vs_currency', 'usd')]"
2025-08-18T06:10:11.349948+00:00,60,27,27,1,128,0.001,0.0015,bitcoin,usd,auto,10000.0,10954.7622,9.5476,35,"[('coin_id', 'bitcoin'), ('days', 60), ('fee_rate', 0.001), ('horizon', 27), ('n_estimators', 128), ('n_lags', 27), ('provider', 'auto'), ('threshold', 0.0015), ('train_step', 1), ('vs_currency', 'usd')]"
2025-08-18T06:30:20.979867+00:00,60,27,27,1,128,0.001,0.002,bitcoin,usd,auto,10000.0,10954.919,9.5492,29,"[('coin_id', 'bitcoin'), ('days', 60), ('fee_rate', 0.001), ('horizon', 27), ('n_estimators', 128), ('n_lags', 27), ('provider', 'auto'), ('threshold', 0.002), ('train_step', 1), ('vs_currency', 'usd')]"
2025-08-18T06:50:30.035818+00:00,60,27,27,1,128,0.001,0.003,bitcoin,usd,auto,10000.0,10846.6604,8.4666,24,"[('coin_id', 'bitcoin'), ('days', 60), ('fee_rate', 0.001), ('horizon', 27), ('n_estimators', 128), ('n_lags', 27), ('provider', 'auto'), ('threshold', 0.003), ('train_step', 1), ('vs_currency', 'usd')]"
2025-08-18T07:00:49.535168+00:00,60,27,27,2,128,0.001,0.001,bitcoin,usd,auto,10000.0,10924.4405,9.2444,42,"[('coin_id', 'bitcoin'), ('days', 60), ('fee_rate', 0.001), ('horizon', 27), ('n_estimators', 128), ('n_lags', 27), ('provider', 'auto'), ('threshold', 0.001), ('train_step', 2), ('vs_currency', 'usd')]"
2025-08-18T07:11:11.446818+00:00,60,27,27,2,128,0.001,0.0015,bitcoin,usd,auto,10000.0,10885.5057,8.8551,35,"[('coin_id', 'bitcoin'), ('days', 60), ('fee_rate', 0.001), ('horizon', 27), ('n_estimators', 128), ('n_lags', 27), ('provider', 'auto'), ('threshold', 0.0015), ('train_step', 2), ('vs_currency', 'usd')]"
2025-08-18T07:21:32.441192+00:00,60,27,27,2,128,0.001,0.002,bitcoin,usd,auto,10000.0,10954.919,9.5492,29,"[('coin_id', 'bitcoin'), ('days', 60), ('fee_rate', 0.001), ('horizon', 27), ('n_estimators', 128), ('n_lags', 27), ('provider', 'auto'), ('threshold', 0.002), ('train_step', 2), ('vs_currency', 'usd')]"
2025-08-18T07:31:55.061796+00:00,60,27,27,2,128,0.001,0.003,bitcoin,usd,auto,10000.0,10852.9031,8.529,24,"[('coin_id', 'bitcoin'), ('days', 60), ('fee_rate', 0.001), ('horizon', 27), ('n_estimators', 128), ('n_lags', 27), ('provider', 'auto'), ('threshold', 0.003), ('train_step', 2), ('vs_currency', 'usd')]"
2025-08-18T07:34:05.528348+00:00,60,27,27,12,128,0.001,0.001,bitcoin,usd,auto,10000.0,10427.7357,4.2774,35,"[('coin_id', 'bitcoin'), ('days', 60), ('fee_rate', 0.001), ('horizon', 27), ('n_estimators', 128), ('n_lags', 27), ('provider', 'auto'), ('threshold', 0.001), ('train_step', 12), ('vs_currency', 'usd')]"
2025-08-18T07:36:16.509250+00:00,60,27,27,12,128,0.001,0.0015,bitcoin,usd,auto,10000.0,10465.6555,4.6566,32,"[('coin_id', 'bitcoin'), ('days', 60), ('fee_rate', 0.001), ('horizon', 27), ('n_estimators', 128), ('n_lags', 27), ('provider', 'auto'), ('threshold', 0.0015), ('train_step', 12), ('vs_currency', 'usd')]"
2025-08-18T07:38:27.082482+00:00,60,27,27,12,128,0.001,0.002,bitcoin,usd,auto,10000.0,10441.4603,4.4146,24,"[('coin_id', 'bitcoin'), ('days', 60), ('fee_rate', 0.001), ('horizon', 27), ('n_estimators', 128), ('n_lags', 27), ('provider', 'auto'), ('threshold', 0.002), ('train_step', 12), ('vs_currency', 'usd')]"
2025-08-18T07:40:37.037987+00:00,60,27,27,12,128,0.001,0.003,bitcoin,usd,auto,10000.0,10560.9171,5.6092,21,"[('coin_id', 'bitcoin'), ('days', 60), ('fee_rate', 0.001), ('horizon', 27), ('n_estimators', 128), ('n_lags', 27), ('provider', 'auto'), ('threshold', 0.003), ('train_step', 12), ('vs_currency', 'usd')]"
2025-08-18T07:41:57.516859+00:00,60,27,27,24,128,0.001,0.001,bitcoin,usd,auto,10000.0,10479.8338,4.7983,33,"[('coin_id', 'bitcoin'), ('days', 60), ('fee_rate', 0.001), ('horizon', 27), ('n_estimators', 128), ('n_lags', 27), ('provider', 'auto'), ('threshold', 0.001), ('train_step', 24), ('vs_currency', 'usd')]"
2025-08-18T07:43:18.066718+00:00,60,27,27,24,128,0.001,0.0015,bitcoin,usd,auto,10000.0,10612.1839,6.1218,31,"[('coin_id', 'bitcoin'), ('days', 60), ('fee_rate', 0.001), ('horizon', 27), ('n_estimators', 128), ('n_lags', 27), ('provider', 'auto'), ('threshold', 0.0015), ('train_step', 24), ('vs_currency', 'usd')]"
2025-08-18T07:44:38.637993+00:00,60,27,27,24,128,0.001,0.002,bitcoin,usd,auto,10000.0,10544.4122,5.4441,24,"[('coin_id', 'bitcoin'), ('days', 60), ('fee_rate', 0.001), ('horizon', 27), ('n_estimators', 128), ('n_lags', 27), ('provider', 'auto'), ('threshold', 0.002), ('train_step', 24), ('vs_currency', 'usd')]"
2025-08-18T07:45:59.125127+00:00,60,27,27,24,128,0.001,0.003,bitcoin,usd,auto,10000.0,10615.3968,6.154,21,"[('coin_id', 'bitcoin'), ('days', 60), ('fee_rate', 0.001), ('horizon', 27), ('n_estimators', 128), ('n_lags', 27), ('provider', 'auto'), ('threshold', 0.003), ('train_step', 24), ('vs_currency', 'usd')]"
2025-08-18T08:25:52.807774+00:00,60,27,27,1,256,0.001,0.001,bitcoin,usd,auto,10000.0,10739.9437,7.3994,38,"[('coin_id', 'bitcoin'), ('days', 60), ('fee_rate', 0.001), ('horizon', 27), ('n_estimators', 256), ('n_lags', 27), ('provider', 'auto'), ('threshold', 0.001), ('train_step', 1), ('vs_currency', 'usd')]"
2025-08-19T03:06:49.191781+00:00,60,27,27,1,256,0.001,0.0015,bitcoin,usd,auto,10000.0,10690.7093,6.9071,35,"[('coin_id', 'bitcoin'), ('days', 60), ('fee_rate', 0.001), ('horizon', 27), ('n_estimators', 256), ('n_lags', 27), ('provider', 'auto'), ('threshold', 0.0015), ('train_step', 1), ('vs_currency', 'usd')]"
2025-08-19T03:46:32.731921+00:00,60,27,27,1,256,0.001,0.002,bitcoin,usd,auto,10000.0,10640.8778,6.4088,29,"[('coin_id', 'bitcoin'), ('days', 60), ('fee_rate', 0.001), ('horizon', 27), ('n_estimators', 256), ('n_lags', 27), ('provider', 'auto'), ('threshold', 0.002), ('train_step', 1), ('vs_currency', 'usd')]"
2025-08-19T04:26:15.810051+00:00,60,27,27,1,256,0.001,0.003,bitcoin,usd,auto,10000.0,10846.5816,8.4658,25,"[('coin_id', 'bitcoin'), ('days', 60), ('fee_rate', 0.001), ('horizon', 27), ('n_estimators', 256), ('n_lags', 27), ('provider', 'auto'), ('threshold', 0.003), ('train_step', 1), ('vs_currency', 'usd')]"
2025-08-19T04:46:30.235744+00:00,60,27,27,2,256,0.001,0.001,bitcoin,usd,auto,10000.0,10593.1746,5.9317,38,"[('coin_id', 'bitcoin'), ('days', 60), ('fee_rate', 0.001), ('horizon', 27), ('n_estimators', 256), ('n_lags', 27), ('provider', 'auto'), ('threshold', 0.001), ('train_step', 2), ('vs_currency', 'usd')]"
2025-08-19T05:06:42.202199+00:00,60,27,27,2,256,0.001,0.0015,bitcoin,usd,auto,10000.0,10682.6156,6.8262,35,"[('coin_id', 'bitcoin'), ('days', 60), ('fee_rate', 0.001), ('horizon', 27), ('n_estimators', 256), ('n_lags', 27), ('provider', 'auto'), ('threshold', 0.0015), ('train_step', 2), ('vs_currency', 'usd')]"
2025-08-19T05:26:56.229307+00:00,60,27,27,2,256,0.001,0.002,bitcoin,usd,auto,10000.0,10693.5971,6.936,30,"[('coin_id', 'bitcoin'), ('days', 60), ('fee_rate', 0.001), ('horizon', 27), ('n_estimators', 256), ('n_lags', 27), ('provider', 'auto'), ('threshold', 0.002), ('train_step', 2), ('vs_currency', 'usd')]"
2025-08-19T05:47:11.544867+00:00,60,27,27,2,256,0.001,0.003,bitcoin,usd,auto,10000.0,10797.1766,7.9718,24,"[('coin_id', 'bitcoin'), ('days', 60), ('fee_rate', 0.001), ('horizon', 27), ('n_estimators', 256), ('n_lags', 27), ('provider', 'auto'), ('threshold', 0.003), ('train_step', 2), ('vs_currency', 'usd')]"
2025-08-19T05:51:12.915590+00:00,60,27,27,12,256,0.001,0.001,bitcoin,usd,auto,10000.0,10563.0745,5.6307,34,"[('coin_id', 'bitcoin'), ('days', 60), ('fee_rate', 0.001), ('horizon', 27), ('n_estimators', 256), ('n_lags', 27), ('provider', 'auto'), ('threshold', 0.001), ('train_step', 12), ('vs_currency', 'usd')]"
2025-08-19T05:55:14.666790+00:00,60,27,27,12,256,0.001,0.0015,bitcoin,usd,auto,10000.0,10692.522,6.9252,31,"[('coin_id', 'bitcoin'), ('days', 60), ('fee_rate', 0.001), ('horizon', 27), ('n_estimators', 256), ('n_lags', 27), ('provider', 'auto'), ('threshold', 0.0015), ('train_step', 12), ('vs_currency', 'usd')]"
2025-08-19T05:59:16.697814+00:00,60,27,27,12,256,0.001,0.002,bitcoin,usd,auto,10000.0,10739.9268,7.3993,28,"[('coin_id', 'bitcoin'), ('days', 60), ('fee_rate', 0.001), ('horizon', 27), ('n_estimators', 256), ('n_lags', 27), ('provider', 'auto'), ('threshold', 0.002), ('train_step', 12), ('vs_currency', 'usd')]"
2025-08-19T06:03:18.001896+00:00,60,27,27,12,256,0.001,0.003,bitcoin,usd,auto,10000.0,10568.9132,5.6891,21,"[('coin_id', 'bitcoin'), ('days', 60), ('fee_rate', 0.001), ('horizon', 27), ('n_estimators', 256), ('n_lags', 27), ('provider', 'auto'), ('threshold', 0.003), ('train_step', 12), ('vs_currency', 'usd')]"
2025-08-19T06:05:41.210668+00:00,60,27,27,24,256,0.001,0.001,bitcoin,usd,auto,10000.0,10589.8927,5.8989,33,"[('coin_id', 'bitcoin'), ('days', 60), ('fee_rate', 0.001), ('horizon', 27), ('n_estimators', 256), ('n_lags', 27), ('provider', 'auto'), ('threshold', 0.001), ('train_step', 24), ('vs_currency', 'usd')]"
2025-08-19T06:08:04.525771+00:00,60,27,27,24,256,0.001,0.0015,bitcoin,usd,auto,10000.0,10698.5351,6.9854,30,"[('coin_id', 'bitcoin'), ('days', 60), ('fee_rate', 0.001), ('horizon', 27), ('n_estimators', 256), ('n_lags', 27), ('provider', 'auto'), ('threshold', 0.0015), ('train_step', 24), ('vs_currency', 'usd')]"
2025-08-19T06:10:27.898661+00:00,60,27,27,24,256,0.001,0.002,bitcoin,usd,auto,10000.0,10684.8278,6.8483,27,"[('coin_id', 'bitcoin'), ('days', 60), ('fee_rate', 0.001), ('horizon', 27), ('n_estimators', 256), ('n_lags', 27), ('provider', 'auto'), ('threshold', 0.002), ('train_step', 24), ('vs_currency', 'usd')]"
2025-08-19T06:12:51.264963+00:00,60,27,27,24,256,0.001,0.003,bitcoin,usd,auto,10000.0,10504.7655,5.0477,20,"[('coin_id', 'bitcoin'), ('days', 60), ('fee_rate', 0.001), ('horizon', 27), ('n_estimators', 256), ('n_lags', 27), ('provider', 'auto'), ('threshold', 0.003), ('train_step', 24), ('vs_currency', 'usd')]"
2025-08-19T06:22:59.923018+00:00,60,30,27,1,64,0.001,0.001,bitcoin,usd,auto,10000.0,10336.072,3.3607,47,"[('coin_id', 'bitcoin'), ('days', 60), ('fee_rate', 0.001), ('horizon', 30), ('n_estimators', 64), ('n_lags', 27), ('provider', 'auto'), ('threshold', 0.001), ('train_step', 1), ('vs_currency', 'usd')]"
2025-08-19T06:33:11.329255+00:00,60,30,27,1,64,0.001,0.0015,bitcoin,usd,auto,10000.0,10421.3888,4.2139,38,"[('coin_id', 'bitcoin'), ('days', 60), ('fee_rate', 0.001), ('horizon', 30), ('n_estimators', 64), ('n_lags', 27), ('provider', 'auto'), ('threshold', 0.0015), ('train_step', 1), ('vs_currency', 'usd')]"
2025-08-19T06:43:20.257978+00:00,60,30,27,1,64,0.001,0.002,bitcoin,usd,auto,10000.0,10494.7846,4.9478,32,"[('coin_id', 'bitcoin'), ('days', 60), ('fee_rate', 0.001), ('horizon', 30), ('n_estimators', 64), ('n_lags', 27), ('provider', 'auto'), ('threshold', 0.002), ('train_step', 1), ('vs_currency', 'usd')]"
2025-08-19T06:53:28.864605+00:00,60,30,27,1,64,0.001,0.003,bitcoin,usd,auto,10000.0,10682.8906,6.8289,23,"[('coin_id', 'bitcoin'), ('days', 60), ('fee_rate', 0.001), ('horizon', 30), ('n_estimators', 64), ('n_lags', 27), ('provider', 'auto'), ('threshold', 0.003), ('train_step', 1), ('vs_currency', 'usd')]"
2025-08-19T06:58:41.355393+00:00,60,30,27,2,64,0.001,0.001,bitcoin,usd,auto,10000.0,10398.9801,3.9898,48,"[('coin_id', 'bitcoin'), ('days', 60), ('fee_rate', 0.001), ('horizon', 30), ('n_estimators', 64), ('n_lags', 27), ('provider', 'auto'), ('threshold', 0.001), ('train_step', 2), ('vs_currency', 'usd')]"
2025-08-19T07:03:55.107643+00:00,60,30,27,2,64,0.001,0.0015,bitcoin,usd,auto,10000.0,10400.453,4.0045,39,"[('coin_id', 'bitcoin'), ('days', 60), ('fee_rate', 0.001), ('horizon', 30), ('n_estimators', 64), ('n_lags', 27), ('provider', 'auto'), ('threshold', 0.0015), ('train_step', 2), ('vs_currency', 'usd')]"
2025-08-19T07:09:07.558404+00:00,60,30,27,2,64,0.001,0.002,bitcoin,usd,auto,10000.0,10519.8139,5.1981,32,"[('coin_id', 'bitcoin'), ('days', 60), ('fee_rate', 0.001), ('horizon', 30), ('n_estimators', 64), ('n_lags', 27), ('provider', 'auto'), ('threshold', 0.002), ('train_step', 2), ('vs_currency', 'usd')]"
2025-08-19T07:14:20.266246+00:00,60,30,27,2,64,0.001,0.003,bitcoin,usd,auto,10000.0,10786.8477,7.8685,23,"[('coin_id', 'bitcoin'), ('days', 60), ('fee_rate', 0.001), ('horizon', 30), ('n_estimators', 64), ('n_lags', 27), ('provider', 'auto'), ('threshold', 0.003), ('train_step', 2), ('vs_currency', 'usd')]"
2025-08-19T07:15:27.219331+00:00,60,30,27,12,64,0.001,0.001,bitcoin,usd,auto,10000.0,10564.1156,5.6412,41,"[('coin_id', 'bitcoin'), ('days', 60), ('fee_rate', 0.001), ('horizon', 30), ('n_estimators', 64), ('n_lags', 27), ('provider', 'auto'), ('threshold', 0.001), ('train_step', 12), ('vs_currency', 'usd')]"
2025-08-19T07:16:34.317916+00:00,60,30,27,12,64,0.001,0.0015,bitcoin,usd,auto,10000.0,10605.3937,6.0539,34,"[('coin_id', 'bitcoin'), ('days', 60), ('fee_rate', 0.001), ('horizon', 30), ('n_estimators', 64), ('n_lags', 27), ('provider', 'auto'), ('threshold', 0.0015), ('train_step', 12), ('vs_currency', 'usd')]"
2025-08-19T07:17:41.483764+00:00,60,30,27,12,64,0.001,0.002,bitcoin,usd,auto,10000.0,10604.6446,6.0464,27,"[('coin_id', 'bitcoin'), ('days', 60), ('fee_rate', 0.001), ('horizon', 30), ('n_estimators', 64), ('n_lags', 27), ('provider', 'auto'), ('threshold', 0.002), ('train_step', 12), ('vs_currency', 'usd')]"
2025-08-19T07:18:48.177134+00:00,60,30,27,12,64,0.001,0.003,bitcoin,usd,auto,10000.0,10523.7715,5.2377,19,"[('coin_id', 'bitcoin'), ('days', 60), ('fee_rate', 0.001), ('horizon', 30), ('n_estimators', 64), ('n_lags', 27), ('provider', 'auto'), ('threshold', 0.003), ('train_step', 12), ('vs_currency', 'usd')]"
2025-08-19T07:19:29.757971+00:00,60,30,27,24,64,0.001,0.001,bitcoin,usd,auto,10000.0,10471.9542,4.7195,38,"[('coin_id', 'bitcoin'), ('days', 60), ('fee_rate', 0.001), ('horizon', 30), ('n_estimators', 64), ('n_lags', 27), ('provider', 'auto'), ('threshold', 0.001), ('train_step', 24), ('vs_currency', 'usd')]"
2025-08-19T07:20:11.516921+00:00,60,30,27,24,64,0.001,0.0015,bitcoin,usd,auto,10000.0,10522.2209,5.2222,33,"[('coin_id', 'bitcoin'), ('days', 60), ('fee_rate', 0.001), ('horizon', 30), ('n_estimators', 64), ('n_lags', 27), ('provider', 'auto'), ('threshold', 0.0015), ('train_step', 24), ('vs_currency', 'usd')]"
2025-08-19T07:20:53.239411+00:00,60,30,27,24,64,0.001,0.002,bitcoin,usd,auto,10000.0,10416.7765,4.1678,27,"[('coin_id', 'bitcoin'), ('days', 60), ('fee_rate', 0.001), ('horizon', 30), ('n_estimators', 64), ('n_lags', 27), ('provider', 'auto'), ('threshold', 0.002), ('train_step', 24), ('vs_currency', 'usd')]"
2025-08-19T07:21:34.929859+00:00,60,30,27,24,64,0.001,0.003,bitcoin,usd,auto,10000.0,10427.3513,4.2735,20,"[('coin_id', 'bitcoin'), ('days', 60), ('fee_rate', 0.001), ('horizon', 30), ('n_estimators', 64), ('n_lags', 27), ('provider', 'auto'), ('threshold', 0.003), ('train_step', 24), ('vs_currency', 'usd')]"
